"source","medium","campaign","visit_date","visitors_count"
google,organic,,"2023-06-01",6713
organic,organic,,"2023-06-01",2040
yandex,cpc,freemium,"2023-06-01",130
vk,cpc,freemium-frontend,"2023-06-01",126
admitad,cpa,admitad,"2023-06-01",100
vk,cpc,prof-python,"2023-06-01",97
yandex,cpc,prof-frontend,"2023-06-01",96
vk,cpc,base-python,"2023-06-01",83
yandex,cpc,prof-python,"2023-06-01",82
vk,cpc,prof-java,"2023-06-01",82
vk,cpc,prof-data-analytics,"2023-06-01",76
vk,cpc,freemium-java,"2023-06-01",72
vk,cpc,freemium-python,"2023-06-01",66
yandex,cpc,prof-java,"2023-06-01",61
bing.com,organic,,"2023-06-01",59
yandex,cpc,base-frontend,"2023-06-01",54
telegram,cpp,base-python,"2023-06-01",44
telegram,cpp,base-java,"2023-06-01",38
yandex,cpc,base-python,"2023-06-01",37
vk,cpc,prof-frontend,"2023-06-01",30
yandex,cpc,base-java,"2023-06-01",26
yandex,cpc,prof-professions-brand,"2023-06-01",24
yandex,cpc,prof-data-analytics,"2023-06-01",17
yandex,cpc,prof-professions-retarget,"2023-06-01",15
tproger,cpc,dod-frontend,"2023-06-01",11
vk,cpm,prof-data-analytics,"2023-06-01",11
vk-senler,cpc,freemium,"2023-06-01",10
yandex,cpc,dod-frontend,"2023-06-01",10
zen,social,hexlet-blog,"2023-06-01",9
zen,social,prof-frontend,"2023-06-01",8
yandex,cpc,dod-professions,"2023-06-01",7
yandex,cpc,dod-php,"2023-06-01",6
yandex,cpc,dod-java,"2023-06-01",6
telegram,cpp,base-frontend,"2023-06-01",5
telegram,social,course_completed,"2023-06-01",5
yandex,cpc,dod-python-java,"2023-06-01",5
telegram,cpp,dod-php,"2023-06-01",4
vk,social,all-courses,"2023-06-01",4
yandex,cpc,base-professions-retarget,"2023-06-01",4
zen,social,prof-backend,"2023-06-01",4
telegram,cpp,dod-java,"2023-06-01",3
vk,cpp,dod-php,"2023-06-01",3
google,cpc,frontend,"2023-06-01",3
yandex.com,organic,,"2023-06-01",3
vk,cpp,intensive-python,"2023-06-01",2
vk,social,hexlet-blog,"2023-06-01",2
twitter,social,hexlet-blog,"2023-06-01",2
telegram,cpm,java,"2023-06-01",1
vk,social,hexlet.io/my,"2023-06-01",1
Yandex,cpm,"01097402","2023-06-01",1
admitad,cpa,"442763","2023-06-01",1
twitter,social,promo,"2023-06-01",1
vc,cpp,dod-php,"2023-06-01",1
telegram,cpp,prof-python,"2023-06-01",1
telegram,cpp,prof-php,"2023-06-01",1
telegram,social,mdtrue*studenty-mnogih-onlayn-kursov-p,"2023-06-01",1
twitter,social,devushki_v_it,"2023-06-01",1
telegram,cpp,intensive-python,"2023-06-01",1
Yandex,cpc,"03997128","2023-06-01",1
dzen,social,dzen_post,"2023-06-01",1
telegram,social,promo,"2023-06-01",1
go.mail.ru,organic,,"2023-06-01",1
vkontakte,social,button-vk,"2023-06-01",1
telegram.me,social,voshozhdenie-po-beskonechnoy-lestnitse-abst,"2023-06-01",1
telegram.me,social,neobhodimyy-minimum-linux-dlya-produktivn,"2023-06-01",1
vk-senler,cpc,base-frontend,"2023-06-01",1
vk,social,course_completed,"2023-06-01",1
telegram,social,webinars,"2023-06-01",1
telegram,cpm,base_java,"2023-06-01",1
vk,social,general,"2023-06-01",1
twitter.com,social,buffer,"2023-06-01",1
vk,social,hexlet,"2023-06-01",1
google,organic,,"2023-06-02",5608
organic,organic,,"2023-06-02",1865
vk,cpc,prof-python,"2023-06-02",242
vk,cpc,prof-java,"2023-06-02",218
vk,cpc,freemium-frontend,"2023-06-02",211
vk,cpc,prof-data-analytics,"2023-06-02",178
vk,cpc,freemium-java,"2023-06-02",164
vk,cpc,freemium-python,"2023-06-02",147
vk,cpc,base-python,"2023-06-02",134
vk,cpc,prof-frontend,"2023-06-02",120
admitad,cpa,admitad,"2023-06-02",76
tproger,cpc,dod-frontend,"2023-06-02",55
bing.com,organic,,"2023-06-02",49
telegram,cpp,base-java,"2023-06-02",27
vk,cpm,prof-data-analytics,"2023-06-02",15
vk-senler,cpc,freemium,"2023-06-02",15
telegram,cpp,dod-java,"2023-06-02",13
telegram,cpp,base-python,"2023-06-02",13
telegram,cpp,dod-php,"2023-06-02",9
yandex.com,organic,,"2023-06-02",6
zen,social,hexlet-blog,"2023-06-02",6
telegram,cpp,prof-frontend,"2023-06-02",4
vk,cpm,prof-frontend,"2023-06-02",4
vk,social,hexlet-blog,"2023-06-02",4
zen,social,prof-frontend,"2023-06-02",3
vk,social,all-courses,"2023-06-02",3
baidu.com,organic,,"2023-06-02",3
zen,social,promo,"2023-06-02",3
telegram,cpp,base-frontend,"2023-06-02",2
twitter,social,devushki_v_it,"2023-06-02",2
telegram,social,hexlet-blog,"2023-06-02",2
vk,cpp,dod-php,"2023-06-02",2
telegram,social,course_completed,"2023-06-02",2
vk,cpc,prof-qa,"2023-06-02",1
facebook,social,learn-to-program-at-30,"2023-06-02",1
twitter,social,my-to--chto-my-skrollim-kak-programmistu,"2023-06-02",1
vk,social,general,"2023-06-02",1
vk,social,dod-php,"2023-06-02",1
telegram,cpm,base_java,"2023-06-02",1
instagram,social,hexlet-blog,"2023-06-02",1
telegram,social,,"2023-06-02",1
yandex-direct,cpm,"00788899","2023-06-02",1
vc,cpp,dod-php,"2023-06-02",1
vk,social,base-python,"2023-06-02",1
yandex-direct,cpc,"34668848","2023-06-02",1
vk,cpc,freemium,"2023-06-02",1
botmother,tg,frontend,"2023-06-02",1
partners,cpc,prof-python,"2023-06-02",1
tg,social,newdirections,"2023-06-02",1
telegram,cpp,dod-professions,"2023-06-02",1
telegram,cpp,prof-python,"2023-06-02",1
dzen,social,dzen_post,"2023-06-02",1
vk,cpp,base-frontend,"2023-06-02",1
telegram,social,promo,"2023-06-02",1
mytarget,cpc,retarget,"2023-06-02",1
facebook,cpm,freemium-en,"2023-06-02",1
telegram,social,kak_gumanitariyu_popast-v_it,"2023-06-02",1
google,organic,,"2023-06-03",3607
organic,organic,,"2023-06-03",1381
vk,cpc,freemium-frontend,"2023-06-03",215
tproger,cpc,dod-frontend,"2023-06-03",207
vk,cpc,prof-python,"2023-06-03",204
vk,cpc,prof-java,"2023-06-03",199
vk,cpc,prof-data-analytics,"2023-06-03",172
vk,cpc,freemium-java,"2023-06-03",150
vk,cpc,freemium-python,"2023-06-03",122
vk,cpc,prof-frontend,"2023-06-03",122
vk,cpc,base-python,"2023-06-03",101
admitad,cpa,admitad,"2023-06-03",61
bing.com,organic,,"2023-06-03",31
vk-senler,cpc,freemium,"2023-06-03",21
telegram,cpp,base-python,"2023-06-03",16
vk,cpm,prof-data-analytics,"2023-06-03",12
zen,social,promo,"2023-06-03",9
telegram,cpp,base-frontend,"2023-06-03",7
baidu.com,organic,,"2023-06-03",5
telegram,social,course_completed,"2023-06-03",3
telegram,cpp,prof-frontend,"2023-06-03",3
vk,cpm,prof-frontend,"2023-06-03",3
yandex.com,organic,,"2023-06-03",3
telegram,cpp,base-java,"2023-06-03",3
vk,social,all-courses,"2023-06-03",3
vk,cpp,dod-php,"2023-06-03",3
vk,social,hexlet-blog,"2023-06-03",2
google,cpc,frontend,"2023-06-03",2
telegram,social,hexlet-blog,"2023-06-03",2
telegram –≠—Ç–æ—Ç –∫—É—Ä—Å –ø–æ–±–µ–∂–¥—ë–Ω! üí™üí™üí™ –ë—ã–ª–æ –∫—Ä—É—Ç–æ! üöÄ,social,course_completed,"2023-06-03",1
yandex-direct,cpc,"16645437","2023-06-03",1
telegram,cpp,prof-python,"2023-06-03",1
vk,social,promo,"2023-06-03",1
vk,cpm,java,"2023-06-03",1
zen,social,all-courses,"2023-06-03",1
vk,social,prof-python,"2023-06-03",1
telegram,cpp,prof-java,"2023-06-03",1
twitter,social,hexlet-blog,"2023-06-03",1
vc,cpp,dod-php,"2023-06-03",1
twitter,social,course_completed,"2023-06-03",1
Yandex,cpc,"59988739","2023-06-03",1
dzen,social,dzen_post,"2023-06-03",1
facebook,cpm,freemium-en,"2023-06-03",1
telegram,cpp,dod-java,"2023-06-03",1
admitad,cpa,"442763","2023-06-03",1
Yandex,cpm,"94599791","2023-06-03",1
Yandex,cpc,"02284027","2023-06-03",1
vc,cpp,dod-frontend,"2023-06-03",1
vk,social,base-frontend,"2023-06-03",1
vk,social,base-python,"2023-06-03",1
vk,social,course_completed,"2023-06-03",1
telegram,social,webinars,"2023-06-03",1
telegram,social,base-java,"2023-06-03",1
google,organic,,"2023-06-04",1032
organic,organic,,"2023-06-04",951
vk,cpc,freemium-frontend,"2023-06-04",228
vk,cpc,prof-python,"2023-06-04",215
vk,cpc,prof-java,"2023-06-04",189
tproger,cpc,dod-frontend,"2023-06-04",157
vk,cpc,freemium-java,"2023-06-04",150
vk,cpc,base-python,"2023-06-04",145
vk,cpc,prof-data-analytics,"2023-06-04",133
vk,cpc,freemium-python,"2023-06-04",131
vk,cpc,prof-frontend,"2023-06-04",113
telegram,cpp,base-python,"2023-06-04",53
admitad,cpa,admitad,"2023-06-04",49
bing.com,organic,,"2023-06-04",38
vk,cpm,prof-data-analytics,"2023-06-04",24
vk-senler,cpc,freemium,"2023-06-04",15
telegram,cpp,base-java,"2023-06-04",12
telegram,cpp,base-frontend,"2023-06-04",12
vk,cpm,prof-frontend,"2023-06-04",11
baidu.com,organic,,"2023-06-04",5
vk,social,hexlet-blog,"2023-06-04",4
telegram,social,hexlet-blog,"2023-06-04",4
vk,social,all-courses,"2023-06-04",3
vk,social,general,"2023-06-04",3
telegram,cpp,prof-python,"2023-06-04",3
vk,cpp,dod-php,"2023-06-04",3
twitter,social,hexlet-blog,"2023-06-04",2
telegram,social,special,"2023-06-04",1
telegram,cpp,dod-java,"2023-06-04",1
admitad,cpc,"442763","2023-06-04",1
zen,social,promo,"2023-06-04",1
dzen,social,dzen_post,"2023-06-04",1
vk,social,prof-qa,"2023-06-04",1
telegram.me,social,vsyo--chto-nuzhno-znat--chtoby-spat-kachest,"2023-06-04",1
telegram,cpp,intensive-python,"2023-06-04",1
vk,cpc,freemium,"2023-06-04",1
telegram.me,social,kogda-to-ya-poobeschal-napisat-prodolzhenie,"2023-06-04",1
telegram,cpp,prof-frontend,"2023-06-04",1
vk,social,prof-data-analytics,"2023-06-04",1
telegram.me,social,pochemu-funktsiya-vozvraschaet-rezultat--p,"2023-06-04",1
twitter,social,promo,"2023-06-04",1
twitter.com,social,svezhiy-vzglyad-na-prohozhdenie-proektov-ot,"2023-06-04",1
telegram,social,mdtruena-hekslete-poyavilsya-esche-odin-no,"2023-06-04",1
instagram,social,base-php,"2023-06-04",1
Yandex,cpc,"55670133","2023-06-04",1
telegram,cpp,prof-java,"2023-06-04",1
vk,social,course_completed,"2023-06-04",1
telegram,cpm,base_java,"2023-06-04",1
vk,social,prof-python,"2023-06-04",1
instagram,social,prof-php,"2023-06-04",1
telegram.me,social,kognitivnye-iskazheniya-v-programmirovanii,"2023-06-04",1
admitad,cpc,"183258","2023-06-04",1
vk,cpc,php,"2023-06-04",1
telegram,social,promo,"2023-06-04",1
google,organic,,"2023-06-05",6267
organic,organic,,"2023-06-05",1220
vk,cpc,freemium-frontend,"2023-06-05",196
vk,cpc,prof-java,"2023-06-05",192
vk,cpc,prof-python,"2023-06-05",185
vk,cpc,prof-data-analytics,"2023-06-05",154
vk,cpc,freemium-python,"2023-06-05",140
vk,cpc,freemium-java,"2023-06-05",139
vk,cpc,base-python,"2023-06-05",124
vk,cpc,prof-frontend,"2023-06-05",110
admitad,cpa,admitad,"2023-06-05",61
bing.com,organic,,"2023-06-05",60
tproger,cpc,dod-frontend,"2023-06-05",49
telegram,cpp,base-python,"2023-06-05",40
telegram,cpp,base-frontend,"2023-06-05",33
vk,cpm,prof-data-analytics,"2023-06-05",24
telegram,cpp,base-java,"2023-06-05",20
vk-senler,cpc,dod-php,"2023-06-05",13
vk-senler,cpc,freemium,"2023-06-05",11
telegram,social,hexlet-blog,"2023-06-05",6
vk,social,base-java,"2023-06-05",5
vk,cpp,dod-php,"2023-06-05",5
telegram,cpp,prof-java,"2023-06-05",5
telegram,cpp,dod-java,"2023-06-05",5
vk,social,all-courses,"2023-06-05",4
telegram,cpp,prof-python,"2023-06-05",4
vk,social,hexlet-blog,"2023-06-05",4
vk,social,base-python,"2023-06-05",4
telegram,social,course_completed,"2023-06-05",3
vk,cpm,prof-frontend,"2023-06-05",3
yandex.com,organic,,"2023-06-05",3
zen,social,hexlet-blog,"2023-06-05",2
vc,cpp,dod-frontend,"2023-06-05",2
vk,social,dod-php,"2023-06-05",2
telegram,cpp,prof-frontend,"2023-06-05",2
vk,social,general,"2023-06-05",1
Yandex,cpc,"67652027","2023-06-05",1
twitter,social,promo,"2023-06-05",1
vc,cpp,dod-php,"2023-06-05",1
admitad,cpc,"442763","2023-06-05",1
baidu.com,organic,,"2023-06-05",1
yandex-direct,cpc,"08062768","2023-06-05",1
facebook,cpc,frontend,"2023-06-05",1
google,cpc,frontend,"2023-06-05",1
vk-senler,cpc,dod-professions,"2023-06-05",1
telegram.me,social,kogda-to-ya-poobeschal-napisat-prodolzhenie,"2023-06-05",1
instagram,social,prof-data-analyst,"2023-06-05",1
telegram.me,social,kak-rabotaet-npm-install-i-npm-update-v,"2023-06-05",1
vk,social,prof-frontend,"2023-06-05",1
vk,social,prof-data-analyst,"2023-06-05",1
vk,social,planiruy-uchebu--fokusiruysya-na-protsesse,"2023-06-05",1
mytarget,cpc,retarget,"2023-06-05",1
vk,social,dod-professions,"2023-06-05",1
podcast,social,unpack,"2023-06-05",1
search.ukr.net,organic,,"2023-06-05",1
telegram,cpm,base,"2023-06-05",1
vk,social,dod-java,"2023-06-05",1
telegram,cpm,frontend,"2023-06-05",1
vk,social,base-frontend,"2023-06-05",1
vk,cpp,dod-frontend,"2023-06-05",1
Yandex,cpc,"16951197","2023-06-05",1
vk,cpm,base,"2023-06-05",1
telegram,social,kak_gumanitariyu_popast-v_it,"2023-06-05",1
google,organic,,"2023-06-06",6454
organic,organic,,"2023-06-06",1466
vk,cpc,prof-python,"2023-06-06",188
vk,cpc,freemium-frontend,"2023-06-06",179
vk,cpc,prof-java,"2023-06-06",159
vk,cpc,freemium-java,"2023-06-06",140
vk,cpc,prof-data-analytics,"2023-06-06",135
vk,cpc,base-python,"2023-06-06",121
vk,cpc,prof-frontend,"2023-06-06",111
vk,cpc,freemium-python,"2023-06-06",107
telegram,cpp,base-frontend,"2023-06-06",55
admitad,cpa,admitad,"2023-06-06",53
bing.com,organic,,"2023-06-06",45
telegram,cpp,base-python,"2023-06-06",30
vk-senler,cpc,freemium,"2023-06-06",22
telegram,cpp,base-java,"2023-06-06",15
vk,cpm,prof-data-analytics,"2023-06-06",14
tproger,cpc,dod-frontend,"2023-06-06",8
vk,cpp,base-frontend,"2023-06-06",7
telegram,social,course_completed,"2023-06-06",6
vk,social,base-java,"2023-06-06",5
vk,cpp,dod-php,"2023-06-06",5
baidu.com,organic,,"2023-06-06",5
vk,social,general,"2023-06-06",4
yandex.com,organic,,"2023-06-06",4
telegram,cpp,prof-python,"2023-06-06",4
telegram,cpp,dod-java,"2023-06-06",4
vk,social,prof-frontend,"2023-06-06",3
vk,social,all-courses,"2023-06-06",3
telegram,cpp,prof-java,"2023-06-06",3
vk,cpc,freemium,"2023-06-06",3
vc,cpp,dod-frontend,"2023-06-06",2
vk,social,base-python,"2023-06-06",2
google,cpc,frontend,"2023-06-06",2
telegram,cpp,prof-frontend,"2023-06-06",2
vk,social,dod-php,"2023-06-06",2
vk,social,hexlet.io/my,"2023-06-06",1
yandex-direct,cpc,"68583881","2023-06-06",1
vk,cpc,prof-qa,"2023-06-06",1
vk,social,prof-rails,"2023-06-06",1
vk-senler,cpc,dod-php,"2023-06-06",1
vk,social,kak-dzhunu-napisat-soprovoditelnoe-pis,"2023-06-06",1
telegram.me,social,"7-tipichnyh-oshibok-imenovaniya-peremennyh","2023-06-06",1
vk,social,dod-professions,"2023-06-06",1
telegram,social,hexlet-blog,"2023-06-06",1
slack,social,base_alg,"2023-06-06",1
vk,cpc,python,"2023-06-06",1
vk,social,dod-java,"2023-06-06",1
vk.com,social,na-hekslete-poyavilas-novaya-professiya-v,"2023-06-06",1
twitter,social,hexlet-blog,"2023-06-06",1
twitter,social,course_completed,"2023-06-06",1
vk,social,dod-frontend,"2023-06-06",1
telegram,cpp,prof-data-analytics,"2023-06-06",1
telegram,cpp,base-php,"2023-06-06",1
telegram,cpp,dod-professions,"2023-06-06",1
vk,social,hexlet-blog,"2023-06-06",1
telegram,cpm,python,"2023-06-06",1
vk,social,reshenie-zadach--horoshiy-sposob-zakrepit,"2023-06-06",1
vk-senler,cpc,dod-professions,"2023-06-06",1
instagram,social,all-courses,"2023-06-06",1
zen,social,hexlet-blog,"2023-06-06",1
go.mail.ru,organic,,"2023-06-06",1
admitad,cpc,"183258","2023-06-06",1
organic,organic,,"2023-06-07",1271
google,organic,,"2023-06-07",1054
vk,cpc,prof-python,"2023-06-07",193
vk,cpc,freemium-frontend,"2023-06-07",173
vk,cpc,prof-java,"2023-06-07",166
vk,cpc,freemium-java,"2023-06-07",113
vk,cpc,freemium-python,"2023-06-07",112
vk,cpc,prof-data-analytics,"2023-06-07",110
vk,cpc,base-python,"2023-06-07",107
vk,cpc,prof-frontend,"2023-06-07",94
admitad,cpa,admitad,"2023-06-07",78
bing.com,organic,,"2023-06-07",66
telegram,cpp,base-frontend,"2023-06-07",40
vk-senler,cpc,freemium,"2023-06-07",25
telegram,cpp,base-python,"2023-06-07",17
vk,cpm,prof-data-analytics,"2023-06-07",13
vk,cpp,base-frontend,"2023-06-07",10
tproger,cpc,dod-frontend,"2023-06-07",9
vk,social,base-python,"2023-06-07",9
telegram,cpp,prof-java,"2023-06-07",9
telegram,cpp,dod-java,"2023-06-07",9
yandex.com,organic,,"2023-06-07",6
telegram,cpp,base-java,"2023-06-07",5
telegram,cpp,prof-python,"2023-06-07",5
vk,social,prof-python,"2023-06-07",4
vk,social,base-java,"2023-06-07",4
vk,social,general,"2023-06-07",3
vk,social,hexlet-blog,"2023-06-07",3
telegram,social,course_completed,"2023-06-07",2
baidu.com,organic,,"2023-06-07",2
vk,social,all-courses,"2023-06-07",2
telegram,social,promo,"2023-06-07",2
vk,social,prof-frontend,"2023-06-07",2
instagram,social,prof-python,"2023-06-07",1
telegram,social,,"2023-06-07",1
vk,social,promo,"2023-06-07",1
telegram,social,webinars,"2023-06-07",1
vk,social,reshenie-zadach--horoshiy-sposob-zakrepit,"2023-06-07",1
public,social,open_lectures23,"2023-06-07",1
telegram,social,hexlet-blog,"2023-06-07",1
instagram,social,hexlet-blog,"2023-06-07",1
telegram,cpm,java,"2023-06-07",1
vk-senler,cpc,dod-frontend,"2023-06-07",1
vk,social,base-frontend,"2023-06-07",1
telegram,cpp,dod-frontend,"2023-06-07",1
facebook,social,course_completed,"2023-06-07",1
facebook,cpc,python,"2023-06-07",1
botmother,tg,frontend,"2023-06-07",1
vk,cpm,prof-frontend,"2023-06-07",1
telegram,cpp,prof-frontend,"2023-06-07",1
twitter,social,hexlet-blog,"2023-06-07",1
yandex-direct,cpc,"51752512","2023-06-07",1
vk,cpc,prof-qa,"2023-06-07",1
vk,cpc,frontend,"2023-06-07",1
admitad,cpc,"442763","2023-06-07",1
telegram,social,base-python,"2023-06-07",1
vk,cpc,base,"2023-06-07",1
zen,social,prof-frontend,"2023-06-07",1
zen,social,hexlet-blog,"2023-06-07",1
twitter,social,promo,"2023-06-07",1
telegram,social,glavnye-instrumenty--servisy-i-podhody,"2023-06-07",1
instagram,social,taplink,"2023-06-07",1
vk,social,prof-data-analytics,"2023-06-07",1
google,organic,,"2023-06-08",6169
organic,organic,,"2023-06-08",1946
vk,cpc,freemium-frontend,"2023-06-08",197
vk,cpc,prof-python,"2023-06-08",194
vk,cpc,prof-java,"2023-06-08",172
vk,cpc,prof-data-analytics,"2023-06-08",135
vk,cpc,freemium-java,"2023-06-08",124
vk,cpc,prof-frontend,"2023-06-08",117
vk,cpc,freemium-python,"2023-06-08",113
vk,cpc,base-python,"2023-06-08",111
admitad,cpa,admitad,"2023-06-08",79
bing.com,organic,,"2023-06-08",56
timepad,cpp,base-frontend,"2023-06-08",47
telegram,cpp,base-frontend,"2023-06-08",24
telegram,cpp,prof-python,"2023-06-08",20
vk,cpm,prof-data-analytics,"2023-06-08",17
vk-senler,cpc,freemium,"2023-06-08",16
vk,cpp,base-frontend,"2023-06-08",15
tproger,cpc,dod-frontend,"2023-06-08",12
telegram,cpp,base-python,"2023-06-08",9
baidu.com,organic,,"2023-06-08",4
vk,social,hexlet-blog,"2023-06-08",4
vk,social,general,"2023-06-08",4
telegram,cpp,dod-frontend,"2023-06-08",4
telegram,cpp,prof-java,"2023-06-08",4
telegram,social,course_completed,"2023-06-08",4
vk,cpm,prof-frontend,"2023-06-08",3
telegram,cpp,base-java,"2023-06-08",3
telegram,cpp,dod-php,"2023-06-08",3
yandex.com,organic,,"2023-06-08",2
telegram,social,hexlet-blog,"2023-06-08",2
telegram,cpp,dod-java,"2023-06-08",2
telegram,cpp,prof-frontend,"2023-06-08",2
search.ukr.net,organic,,"2023-06-08",2
zen,social,hexlet-blog,"2023-06-08",2
vk,social,base-frontend,"2023-06-08",1
vk,social,prof-python,"2023-06-08",1
telegram,social,svitch--ochen-prostaya-konstruktsiya--kotor,"2023-06-08",1
vk,cpp,intensive-python,"2023-06-08",1
vk,social,base-java,"2023-06-08",1
telegram,social,promo,"2023-06-08",1
zen,social,hexlet,"2023-06-08",1
facebook.com,social,buffer,"2023-06-08",1
vk-senler,cpc,dod-professions,"2023-06-08",1
zen,social,all-courses,"2023-06-08",1
vk,cpp,dod-frontend,"2023-06-08",1
vk-senler,cpc,dod-frontend,"2023-06-08",1
vk,cpp,dod-career,"2023-06-08",1
vk,social,prof-data-analyst,"2023-06-08",1
vk,cpc,php,"2023-06-08",1
telegram,social,avtor-napisal-etu-zametku--kogda-odin-iz,"2023-06-08",1
vk,cpc,prof-php,"2023-06-08",1
admitad,cpc,"442763","2023-06-08",1
twitter,social,promo,"2023-06-08",1
facebook,cpm,freemium-en,"2023-06-08",1
vk,social,prof-data-analytics,"2023-06-08",1
telegram.me,social,lyubite-chitat-knigi--nash-marketolog-nata,"2023-06-08",1
telegram,cpm,frontend,"2023-06-08",1
vk,social,dod-php,"2023-06-08",1
vk,social,reshenie-zadach--horoshiy-sposob-zakrepit,"2023-06-08",1
vk,cpc,python,"2023-06-08",1
telegram,cpm,base_java,"2023-06-08",1
vk,cpm,php,"2023-06-08",1
vk,social,dod-java,"2023-06-08",1
twitter,social,hexlet-blog,"2023-06-08",1
telegram,social,mdtruehaskell--funktsionalnyy-yazyk,"2023-06-08",1
instagram,social,hexlet-blog,"2023-06-08",1
zen,social,prof-data-analytics,"2023-06-08",1
google,organic,,"2023-06-09",5370
organic,organic,,"2023-06-09",1800
vk,cpc,prof-python,"2023-06-09",185
vk,cpc,freemium-frontend,"2023-06-09",183
vk,cpc,prof-data-analytics,"2023-06-09",164
vk,cpc,prof-java,"2023-06-09",161
vk,cpc,freemium-python,"2023-06-09",122
vk,cpc,prof-frontend,"2023-06-09",114
vk,cpc,freemium-java,"2023-06-09",109
vk,cpc,base-python,"2023-06-09",105
admitad,cpa,admitad,"2023-06-09",72
bing.com,organic,,"2023-06-09",53
timepad,cpp,base-frontend,"2023-06-09",35
telegram,cpp,base-frontend,"2023-06-09",18
vk-senler,cpc,freemium,"2023-06-09",16
vk,cpm,prof-data-analytics,"2023-06-09",11
vk,cpp,base-frontend,"2023-06-09",8
tproger,cpc,dod-frontend,"2023-06-09",7
baidu.com,organic,,"2023-06-09",6
telegram,cpp,prof-python,"2023-06-09",5
vk,cpm,prof-frontend,"2023-06-09",5
telegram,cpp,base-java,"2023-06-09",4
vk,social,all-courses,"2023-06-09",4
telegram,cpp,dod-frontend,"2023-06-09",3
telegram,social,hexlet-blog,"2023-06-09",3
vk,social,base-python,"2023-06-09",3
telegram,cpp,prof-java,"2023-06-09",3
go.mail.ru,organic,,"2023-06-09",2
vk,social,base-frontend,"2023-06-09",2
telegram,cpp,prof-frontend,"2023-06-09",2
vk,social,dod-java,"2023-06-09",2
yandex.com,organic,,"2023-06-09",2
telegram,social,course_completed,"2023-06-09",2
rutube,social,all-courses,"2023-06-09",1
telegram,social,kak-gumanitariy-stal-bekend-razrabotchiko,"2023-06-09",1
vk,cpc,frontend,"2023-06-09",1
twitter,social,devushki_v_it,"2023-06-09",1
twitter,social,hexlet-blog,"2023-06-09",1
telegram.me,social,klassicheskaya-zadachka-fizzbuzz-na-hekslet,"2023-06-09",1
facebook,social,hexlet-blog,"2023-06-09",1
telegram,social,webinars,"2023-06-09",1
Yandex,cpc,"42790821","2023-06-09",1
telegram.me,social,printsipy-programmirovaniya-heksletahttp,"2023-06-09",1
social,youtube,chistie-funktsii,"2023-06-09",1
Yandex,cpc,"87255026","2023-06-09",1
vk,social,hexlet-blog,"2023-06-09",1
telegram,cpp,base-python,"2023-06-09",1
vk,social,reshenie-zadach--horoshiy-sposob-zakrepit,"2023-06-09",1
vk,social,dod-frontend,"2023-06-09",1
telegram,cpp,dod-php,"2023-06-09",1
vk,social,prof-python,"2023-06-09",1
mytarget,cpc,freemium,"2023-06-09",1
telegram.me,social,na-hekslet-poyavilis-novye-ispytaniya-v-k,"2023-06-09",1
vk,social,dod-php,"2023-06-09",1
google,organic,,"2023-06-10",3363
organic,organic,,"2023-06-10",1122
vk,cpc,prof-python,"2023-06-10",166
vk,cpc,freemium-frontend,"2023-06-10",156
vk,cpc,prof-java,"2023-06-10",150
vk,cpc,freemium-python,"2023-06-10",143
vk,cpc,prof-data-analytics,"2023-06-10",132
vk,cpc,base-python,"2023-06-10",119
vk,cpc,freemium-java,"2023-06-10",108
vk,cpc,prof-frontend,"2023-06-10",98
admitad,cpa,admitad,"2023-06-10",49
bing.com,organic,,"2023-06-10",42
vk-senler,cpc,freemium,"2023-06-10",18
vk,cpm,prof-data-analytics,"2023-06-10",12
telegram,cpp,base-frontend,"2023-06-10",9
timepad,cpp,base-frontend,"2023-06-10",7
vk,cpm,prof-frontend,"2023-06-10",5
baidu.com,organic,,"2023-06-10",4
twitter,social,promo,"2023-06-10",2
google,cpc,frontend,"2023-06-10",2
telegram,cpp,base-java,"2023-06-10",2
vk,cpm,base,"2023-06-10",2
vk,social,hexlet-blog,"2023-06-10",2
telegram,social,course_completed,"2023-06-10",2
telegram,cpp,base-python,"2023-06-10",2
vk,cpp,base-frontend,"2023-06-10",2
yandex.com,organic,,"2023-06-10",2
vk,social,all-courses,"2023-06-10",2
telegram,cpp,prof-java,"2023-06-10",1
telegram,cpp,prof-frontend,"2023-06-10",1
instagram,social,hexlet-blog,"2023-06-10",1
vk,social,reshenie-zadach--horoshiy-sposob-zakrepit,"2023-06-10",1
telegram,social,glavnye-instrumenty--servisy-i-podhody,"2023-06-10",1
telegram,social,my-znaem-dovolno-mnogo-o-strukturah-dan,"2023-06-10",1
telegram,social,mdtrue*chtenie-chuzhogo-koda--odin-iz-o,"2023-06-10",1
telegram,cpp,prof-data-analytics,"2023-06-10",1
twitter,social,hexlet-blog,"2023-06-10",1
telegram,cpp,intensive-python,"2023-06-10",1
telegram,social,mdtrue**razrabotchik-heksleta-andrey-m,"2023-06-10",1
vk,cpc,yaintern,"2023-06-10",1
telegram,social,hexlet-blog,"2023-06-10",1
vk,cpc,freemium,"2023-06-10",1
telegram,social,nachinayuschie-razrabotchiki-chasto-zaglyadyvayu,"2023-06-10",1
search.ukr.net,organic,,"2023-06-10",1
telegram,social,typescript,"2023-06-10",1
telegram,cpp,prof-python,"2023-06-10",1
vk,social,promo,"2023-06-10",1
admitad,cpc,"442763","2023-06-10",1
facebook,social,course_completed,"2023-06-10",1
vk,cpc,frontend,"2023-06-10",1
telegram,social,privet--menya-zovut-dasha--mne-26-let.-ya,"2023-06-10",1
vk,social,base-frontend,"2023-06-10",1
telegram,cpp,dod-frontend,"2023-06-10",1
zen,social,hexlet,"2023-06-10",1
go.mail.ru,organic,,"2023-06-10",1
vk,social,prof-python,"2023-06-10",1
google,organic,,"2023-06-11",3635
organic,organic,,"2023-06-11",1396
vk,cpc,freemium-frontend,"2023-06-11",214
vk,cpc,prof-python,"2023-06-11",187
vk,cpc,prof-java,"2023-06-11",147
vk,cpc,prof-data-analytics,"2023-06-11",145
vk,cpc,freemium-java,"2023-06-11",127
vk,cpc,prof-frontend,"2023-06-11",127
vk,cpc,base-python,"2023-06-11",115
vk,cpc,freemium-python,"2023-06-11",113
admitad,cpa,admitad,"2023-06-11",61
bing.com,organic,,"2023-06-11",42
vk-senler,cpc,freemium,"2023-06-11",18
vk,cpm,prof-data-analytics,"2023-06-11",14
telegram,cpp,base-frontend,"2023-06-11",8
vk,cpp,dod-frontend,"2023-06-11",6
baidu.com,organic,,"2023-06-11",5
vk,cpm,prof-frontend,"2023-06-11",4
vk,social,general,"2023-06-11",4
telegram,social,course_completed,"2023-06-11",3
vk,cpp,base-frontend,"2023-06-11",3
vk,social,all-courses,"2023-06-11",2
vk,social,base-python,"2023-06-11",2
vk,social,hexlet-blog,"2023-06-11",2
telegram,cpp,prof-frontend,"2023-06-11",2
twitter,social,hexlet-blog,"2023-06-11",2
timepad,cpp,base-frontend,"2023-06-11",2
vk,social,base-java,"2023-06-11",2
vk,cpc,python,"2023-06-11",1
vk,social,reshenie-zadach--horoshiy-sposob-zakrepit,"2023-06-11",1
facebook,social,how-to-sleep,"2023-06-11",1
telegram,social,igry--kotorye-pomogut-praktikovatsya-v-p,"2023-06-11",1
telegram,cpm,base_python,"2023-06-11",1
vk,social,prof-python,"2023-06-11",1
telegram,social,zabluditsya-v-tryoh-sosnah--no-vyyti-k-zv,"2023-06-11",1
vk,social,hexlet.io/my,"2023-06-11",1
vk,cpc,java,"2023-06-11",1
yandex.com,organic,,"2023-06-11",1
telegram,social,rabotay-bez-oglyadki-na-ogranicheniya-kak,"2023-06-11",1
telegram,cpp,prof-data-analytics,"2023-06-11",1
telegram,social,hexlet-blog,"2023-06-11",1
google,cpc,freemium,"2023-06-11",1
telegram,social,,"2023-06-11",1
instagram,social,hexlet-blog,"2023-06-11",1
telegram,cpp,dod-frontend,"2023-06-11",1
twitter,social,promo,"2023-06-11",1
google,cpc,frontend,"2023-06-11",1
telegram,social,oshibki-pri-samostoyatelnoy-podgotovke-k-resheniyu-algoritmicheskih-zadach-na-intervyu,"2023-06-11",1
telegram,social,promo,"2023-06-11",1
telegram,social,navernyaka-vy-slyshali-mnenie--chto-podhod,"2023-06-11",1
go.mail.ru,organic,,"2023-06-11",1
google,organic,,"2023-06-12",4688
organic,organic,,"2023-06-12",1729
vk,cpc,prof-python,"2023-06-12",201
vk,cpc,freemium-frontend,"2023-06-12",185
vk,cpc,prof-java,"2023-06-12",171
vk,cpc,prof-data-analytics,"2023-06-12",165
vk,cpc,freemium-java,"2023-06-12",133
vk,cpc,base-python,"2023-06-12",123
vk,cpc,freemium-python,"2023-06-12",121
vk,cpc,prof-frontend,"2023-06-12",117
bing.com,organic,,"2023-06-12",70
admitad,cpa,admitad,"2023-06-12",55
vk-senler,cpc,freemium,"2023-06-12",32
telegram,cpp,base-frontend,"2023-06-12",23
vk,cpm,prof-data-analytics,"2023-06-12",14
timepad,cpp,base-frontend,"2023-06-12",8
vk,cpm,prof-frontend,"2023-06-12",6
telegram,cpp,base-java,"2023-06-12",4
vk,cpp,base-frontend,"2023-06-12",4
vk,social,prof-rails,"2023-06-12",3
telegram,cpp,dod-frontend,"2023-06-12",3
telegram,cpp,base-python,"2023-06-12",3
vk,social,general,"2023-06-12",3
vk,social,hexlet-blog,"2023-06-12",3
vk,social,prof-python,"2023-06-12",3
yandex.com,organic,,"2023-06-12",2
vk,cpp,dod-frontend,"2023-06-12",2
yandex-direct,cpc,"96566756","2023-06-12",1
twitter,social,promo,"2023-06-12",1
zen,social,hexlet-blog,"2023-06-12",1
Yandex,cpm,"25530592","2023-06-12",1
zen,social,all-courses,"2023-06-12",1
telegram,social,course_completed,"2023-06-12",1
admitad,cpc,"442763","2023-06-12",1
baidu.com,organic,,"2023-06-12",1
vk,cpm,base_python,"2023-06-12",1
telegram,cpp,prof-frontend,"2023-06-12",1
twitter,social,devushki_v_it,"2023-06-12",1
facebook,social,how-to-sleep,"2023-06-12",1
facebook,social,vorchanie-dedushki-kak-ya-v-69-let-uchu-python,"2023-06-12",1
facebook.com,social,mozhno-li-ustroitsya-na-rabotu-posle-heks,"2023-06-12",1
google,cpc,freemium,"2023-06-12",1
telegram,social,promo,"2023-06-12",1
vk,cpp,intensive-python,"2023-06-12",1
tg,social,codecamp,"2023-06-12",1
vk,social,all-courses,"2023-06-12",1
vk-senler,cpc,base-python,"2023-06-12",1
instagram,social,base-java,"2023-06-12",1
vk,social,reshenie-zadach--horoshiy-sposob-zakrepit,"2023-06-12",1
vk,social,promo,"2023-06-12",1
vk,social,base-java,"2023-06-12",1
vk,social,base-python,"2023-06-12",1
organic,organic,,"2023-06-13",1191
google,organic,,"2023-06-13",1074
yandex,cpc,freemium,"2023-06-13",138
yandex,cpc,prof-frontend,"2023-06-13",105
yandex,cpc,prof-python,"2023-06-13",104
yandex,cpc,prof-java,"2023-06-13",83
vk,cpc,prof-python,"2023-06-13",70
admitad,cpa,admitad,"2023-06-13",68
vk,cpc,freemium-frontend,"2023-06-13",64
bing.com,organic,,"2023-06-13",61
vk,cpc,freemium-python,"2023-06-13",57
vk,cpc,freemium-java,"2023-06-13",57
vk,cpc,prof-data-analytics,"2023-06-13",52
vk,cpc,prof-java,"2023-06-13",47
vk,cpc,base-python,"2023-06-13",41
yandex,cpc,base-java,"2023-06-13",41
vk,cpc,prof-frontend,"2023-06-13",37
yandex,cpc,base-python,"2023-06-13",35
yandex,cpc,prof-professions-brand,"2023-06-13",33
yandex,cpc,base-frontend,"2023-06-13",29
telegram,cpp,base-frontend,"2023-06-13",24
vk-senler,cpc,freemium,"2023-06-13",22
yandex,cpc,prof-professions-retarget,"2023-06-13",18
yandex,cpc,prof-data-analytics,"2023-06-13",17
telegram,cpp,prof-python,"2023-06-13",13
yandex,cpc,dod-professions,"2023-06-13",12
yandex,cpc,dod-frontend,"2023-06-13",10
telegram,cpp,prof-java,"2023-06-13",9
yandex,cpc,dod-python-java,"2023-06-13",9
timepad,cpp,base-frontend,"2023-06-13",5
yandex,cpc,base-professions-retarget,"2023-06-13",5
telegram,social,course_completed,"2023-06-13",4
yandex,cpc,dod-java,"2023-06-13",4
vk,cpm,prof-data-analytics,"2023-06-13",4
baidu.com,organic,,"2023-06-13",4
vk,social,base-frontend,"2023-06-13",3
telegram,cpp,base-java,"2023-06-13",3
vc,cpp,dod-professions,"2023-06-13",3
yandex,cpc,dod-php,"2023-06-13",3
telegram,cpp,prof-frontend,"2023-06-13",3
yandex.com,organic,,"2023-06-13",3
vk,social,hexlet-blog,"2023-06-13",2
vk,social,base-python,"2023-06-13",2
telegram,cpp,base-python,"2023-06-13",2
yandex,cpc,dod-qa,"2023-06-13",2
twitter,social,hexlet-blog,"2023-06-13",2
telegram,cpp,dod-php,"2023-06-13",2
vc,cpp,dod-frontend,"2023-06-13",2
vk,cpp,dod-frontend,"2023-06-13",2
vk,social,all-courses,"2023-06-13",2
vk,social,english-soft,"2023-06-13",1
vk,social,general,"2023-06-13",1
telegram,cpm,base_java,"2023-06-13",1
vk,social,hexlet.io/my,"2023-06-13",1
vk,social,prof-python,"2023-06-13",1
vk,social,prof-rails,"2023-06-13",1
vk,social,reshenie-zadach--horoshiy-sposob-zakrepit,"2023-06-13",1
vk,cpp,intensive-python,"2023-06-13",1
twitter,social,promo,"2023-06-13",1
vk,cpp,dod-python-java,"2023-06-13",1
vk,cpp,dod-php,"2023-06-13",1
go.mail.ru,organic,,"2023-06-13",1
facebook,social,my-sozdali-kurs-osnovy-redis-pro-rabot,"2023-06-13",1
vk,cpp,base-frontend,"2023-06-13",1
facebook,social,hexlet-blog,"2023-06-13",1
facebook,cpc,python,"2023-06-13",1
vk,cpm,prof-frontend,"2023-06-13",1
vk,cpc,dod-professions,"2023-06-13",1
telegram,cpp,prof-data-analytics,"2023-06-13",1
twitter,social,grokaem_algoritmy,"2023-06-13",1
vk,cpc,base,"2023-06-13",1
zen,social,all-courses,"2023-06-13",1
telegram,social,hexlet-blog,"2023-06-13",1
Yandex,cpc,"80100720","2023-06-13",1
google,organic,,"2023-06-14",6299
organic,organic,,"2023-06-14",1884
yandex,cpc,freemium,"2023-06-14",215
yandex,cpc,prof-python,"2023-06-14",170
yandex,cpc,prof-frontend,"2023-06-14",165
yandex,cpc,prof-java,"2023-06-14",163
admitad,cpa,admitad,"2023-06-14",71
bing.com,organic,,"2023-06-14",64
yandex,cpc,base-java,"2023-06-14",57
yandex,cpc,base-python,"2023-06-14",53
yandex,cpc,prof-professions-brand,"2023-06-14",49
timepad,cpp,base-frontend,"2023-06-14",44
yandex,cpc,base-frontend,"2023-06-14",42
yandex,cpc,prof-data-analytics,"2023-06-14",32
telegram,social,dod-professions,"2023-06-14",31
yandex,cpc,prof-professions-retarget,"2023-06-14",27
vk-senler,cpc,freemium,"2023-06-14",24
telegram,cpp,prof-python,"2023-06-14",15
yandex,cpc,dod-frontend,"2023-06-14",15
vk,cpc,prof-data-analytics,"2023-06-14",13
telegram,cpp,base-frontend,"2023-06-14",13
yandex,cpc,dod-professions,"2023-06-14",12
yandex,cpc,dod-java,"2023-06-14",12
vk,cpc,freemium-frontend,"2023-06-14",11
vk,cpc,freemium-python,"2023-06-14",9
yandex,cpc,dod-php,"2023-06-14",8
yandex,cpc,base-professions-retarget,"2023-06-14",8
yandex,cpc,dod-python-java,"2023-06-14",7
vk,cpp,dod-frontend,"2023-06-14",7
vk,cpc,prof-python,"2023-06-14",7
yandex,cpc,dod-qa,"2023-06-14",7
vk,cpc,prof-frontend,"2023-06-14",6
telegram,cpp,base-python,"2023-06-14",6
vk,cpc,prof-java,"2023-06-14",6
vk,social,base-python,"2023-06-14",5
vk-senler,cpc,dod-frontend,"2023-06-14",5
yandex.com,organic,,"2023-06-14",5
baidu.com,organic,,"2023-06-14",5
vk,social,dod-professions,"2023-06-14",4
vk,social,all-courses,"2023-06-14",4
vk-senler,cpc,dod-professions,"2023-06-14",3
telegram,cpp,prof-java,"2023-06-14",3
twitter,social,hexlet-blog,"2023-06-14",3
vc,cpp,dod-frontend,"2023-06-14",3
vk,social,prof-python,"2023-06-14",3
vk,social,general,"2023-06-14",3
telegram,social,promo,"2023-06-14",3
telegram,social,hexlet-blog,"2023-06-14",2
vk,social,hexlet-blog,"2023-06-14",2
telegram,cpp,base-java,"2023-06-14",2
telegram –≠—Ç–æ—Ç –∫—É—Ä—Å –ø–æ–±–µ–∂–¥—ë–Ω! üí™üí™üí™ –ë—ã–ª–æ –∫—Ä—É—Ç–æ! üöÄ,social,course_completed,"2023-06-14",1
dzen,social,dzen-post,"2023-06-14",1
facebook,cpc,freemium.ua-by,"2023-06-14",1
mytarget,cpc,freemium,"2023-06-14",1
telegram,cpp,dod-frontend,"2023-06-14",1
telegram,cpp,dod-php,"2023-06-14",1
telegram,cpp,prof-frontend,"2023-06-14",1
telegram,social,course_completed,"2023-06-14",1
telegram,social,mdtruehaskell--funktsionalnyy-yazyk,"2023-06-14",1
twitter,social,"51-letniy-student-heksleta-dmitriy-rassk","2023-06-14",1
twitter,social,promo,"2023-06-14",1
vk,social,base-java,"2023-06-14",1
vk,social,dod-frontend,"2023-06-14",1
yandex-direct,cpc,"19183657","2023-06-14",1
zen,social,all-courses,"2023-06-14",1
zen,social,prof-frontend,"2023-06-14",1
google,organic,,"2023-06-15",6115
organic,organic,,"2023-06-15",1216
yandex,cpc,freemium,"2023-06-15",238
yandex,cpc,prof-frontend,"2023-06-15",164
yandex,cpc,prof-python,"2023-06-15",156
yandex,cpc,prof-java,"2023-06-15",130
admitad,cpa,admitad,"2023-06-15",83
yandex,cpc,base-java,"2023-06-15",61
bing.com,organic,,"2023-06-15",60
yandex,cpc,prof-professions-brand,"2023-06-15",49
yandex,cpc,base-python,"2023-06-15",49
yandex,cpc,base-frontend,"2023-06-15",38
yandex,cpc,prof-data-analytics,"2023-06-15",28
yandex,cpc,prof-professions-retarget,"2023-06-15",27
vk-senler,cpc,freemium,"2023-06-15",23
yandex,cpc,dod-frontend,"2023-06-15",20
yandex,cpc,dod-professions,"2023-06-15",17
vk,cpc,prof-data-analytics,"2023-06-15",12
telegram,cpp,base-frontend,"2023-06-15",12
vk,cpc,freemium-python,"2023-06-15",10
yandex,cpc,dod-python-java,"2023-06-15",10
vk,cpc,freemium-frontend,"2023-06-15",8
telegram,social,dod-professions,"2023-06-15",8
yandex,cpc,base-professions-retarget,"2023-06-15",8
yandex,cpc,dod-java,"2023-06-15",8
telegram,cpp,prof-python,"2023-06-15",7
yandex,cpc,dod-qa,"2023-06-15",7
vk,cpc,prof-frontend,"2023-06-15",7
vk,social,all-courses,"2023-06-15",6
yandex,cpc,dod-php,"2023-06-15",6
vk,cpc,freemium-java,"2023-06-15",6
vk,cpc,prof-java,"2023-06-15",6
telegram,cpp,prof-java,"2023-06-15",6
vk,cpc,prof-python,"2023-06-15",5
telegram,social,course_completed,"2023-06-15",4
vk,social,hexlet-blog,"2023-06-15",4
baidu.com,organic,,"2023-06-15",4
vk,cpp,dod-frontend,"2023-06-15",3
vk,cpp,base-frontend,"2023-06-15",3
vk-senler,cpc,dod-frontend,"2023-06-15",3
telegram,cpp,base-java,"2023-06-15",3
telegram,social,hexlet-blog,"2023-06-15",2
dzen,social,dzen_post,"2023-06-15",2
telegram,cpp,base-python,"2023-06-15",2
timepad,cpp,base-frontend,"2023-06-15",2
yandex.com,organic,,"2023-06-15",2
slack,social,hexlet,"2023-06-15",1
facebook,cpc,python,"2023-06-15",1
twitter,social,promo,"2023-06-15",1
twitter,social,podrobno-rasskazyvaem--pochemu-pleysholde,"2023-06-15",1
twitter,social,oop-i-arhitektura-koda-kirill-mokevni,"2023-06-15",1
vc,cpp,dod-professions,"2023-06-15",1
telegram,cpm,java,"2023-06-15",1
vk,social,base-python,"2023-06-15",1
twitter,social,hexlet-blog,"2023-06-15",1
twitter,social,grokaem_algoritmy,"2023-06-15",1
zen,social,all-courses,"2023-06-15",1
vk,social,dod-frontend,"2023-06-15",1
twitter,social,all-courses,"2023-06-15",1
podcast,social,all-courses,"2023-06-15",1
vk,social,dod-professions,"2023-06-15",1
vk,social,general,"2023-06-15",1
telegram,cpp,dod-frontend,"2023-06-15",1
vk,cpm,prof-python,"2023-06-15",1
telegram,social,webinars,"2023-06-15",1
twitter.com,social,istorii-uspeha-nashih-uchenikov-i-vypuskni,"2023-06-15",1
telegram,cpp,prof-frontend,"2023-06-15",1
vk,social,prof-python,"2023-06-15",1
instagram,social,hexlet-blog,"2023-06-15",1
instagram,social,base-pyton,"2023-06-15",1
telegram,social,promo,"2023-06-15",1
telegram,social,prof-qa,"2023-06-15",1
vk,social,reshenie-zadach--horoshiy-sposob-zakrepit,"2023-06-15",1
vk,cpc,yaintern,"2023-06-15",1
instagram,social,all-courses,"2023-06-15",1
dzen,social,dzen-post,"2023-06-15",1
vkontakte,social,button-vk,"2023-06-15",1
google,organic,,"2023-06-16",5394
organic,organic,,"2023-06-16",1770
yandex,cpc,freemium,"2023-06-16",233
yandex,cpc,prof-python,"2023-06-16",168
yandex,cpc,prof-frontend,"2023-06-16",137
yandex,cpc,prof-java,"2023-06-16",112
yandex,cpc,base-java,"2023-06-16",59
admitad,cpa,admitad,"2023-06-16",58
yandex,cpc,base-python,"2023-06-16",51
bing.com,organic,,"2023-06-16",48
yandex,cpc,prof-professions-brand,"2023-06-16",48
yandex,cpc,base-frontend,"2023-06-16",44
yandex,cpc,prof-data-analytics,"2023-06-16",39
yandex,cpc,prof-professions-retarget,"2023-06-16",35
yandex,cpc,dod-frontend,"2023-06-16",22
vk-senler,cpc,freemium,"2023-06-16",20
yandex,cpc,dod-professions,"2023-06-16",15
vk,cpc,prof-data-analytics,"2023-06-16",15
vk,cpc,prof-python,"2023-06-16",14
yandex,cpc,dod-java,"2023-06-16",12
yandex,cpc,base-professions-retarget,"2023-06-16",10
vk,cpc,prof-frontend,"2023-06-16",9
vk,cpc,prof-java,"2023-06-16",9
telegram,cpp,base-frontend,"2023-06-16",9
vk,cpc,freemium-java,"2023-06-16",7
telegram,social,dod-professions,"2023-06-16",7
vk,cpc,freemium-frontend,"2023-06-16",7
vk,cpc,freemium-python,"2023-06-16",6
yandex,cpc,dod-php,"2023-06-16",6
telegram,cpp,prof-python,"2023-06-16",5
yandex,cpc,dod-qa,"2023-06-16",5
yandex,cpc,dod-python-java,"2023-06-16",5
vk,social,all-courses,"2023-06-16",4
telegram,cpp,prof-java,"2023-06-16",4
vk,social,prof-python,"2023-06-16",3
vk,social,base-python,"2023-06-16",3
vk,social,dod-professions,"2023-06-16",2
vk,social,hexlet-blog,"2023-06-16",2
telegram,cpp,dod-java,"2023-06-16",2
vk,cpc,php,"2023-06-16",2
vk,cpp,base-frontend,"2023-06-16",2
telegram,cpp,base-java,"2023-06-16",2
timepad,cpp,base-frontend,"2023-06-16",2
twitter,social,v-etoy-statie-my-dadim-neskolko-sovetov,"2023-06-16",1
instagram,social,promo,"2023-06-16",1
telegram,social,promo,"2023-06-16",1
vk,cpm,base,"2023-06-16",1
vk,cpp,dod-frontend,"2023-06-16",1
vk,social,reshenie-zadach--horoshiy-sposob-zakrepit,"2023-06-16",1
admitad,cpc,"183258","2023-06-16",1
telegram,cpp,base-python,"2023-06-16",1
slack,social,hexlet,"2023-06-16",1
telegram,cpm,frontend,"2023-06-16",1
twitter,social,all-courses,"2023-06-16",1
telegram,cpp,dod-frontend,"2023-06-16",1
vk,social,general,"2023-06-16",1
baidu.com,organic,,"2023-06-16",1
twitter,social,v-kontse-yanvarya-praktika-heksleta-ne-rabo,"2023-06-16",1
telegram,cpp,prof-frontend,"2023-06-16",1
vk,cpc,prof-php,"2023-06-16",1
telegram,social,hexlet-blog,"2023-06-16",1
admitad,cpa,"442763","2023-06-16",1
telegram –≠—Ç–æ—Ç –∫—É—Ä—Å –ø–æ–±–µ–∂–¥—ë–Ω! üí™üí™üí™ –ë—ã–ª–æ –∫—Ä—É—Ç–æ! üöÄ,social,course_completed,"2023-06-16",1
telegram,cpm,java,"2023-06-16",1
vk,social,prof-data-analyst,"2023-06-16",1
vk,social,dod-frontend,"2023-06-16",1
yandex.com,organic,,"2023-06-16",1
vk,social,base-frontend,"2023-06-16",1
instagram,social,base-python,"2023-06-16",1
vk,cpc,yaintern,"2023-06-16",1
telegram,social,course_completed,"2023-06-16",1
google,organic,,"2023-06-17",3499
organic,organic,,"2023-06-17",1456
yandex,cpc,freemium,"2023-06-17",200
yandex,cpc,prof-python,"2023-06-17",174
yandex,cpc,prof-frontend,"2023-06-17",132
yandex,cpc,prof-java,"2023-06-17",131
admitad,cpa,admitad,"2023-06-17",71
yandex,cpc,base-python,"2023-06-17",63
yandex,cpc,prof-professions-brand,"2023-06-17",58
yandex,cpc,base-java,"2023-06-17",43
bing.com,organic,,"2023-06-17",41
yandex,cpc,base-frontend,"2023-06-17",39
yandex,cpc,prof-data-analytics,"2023-06-17",34
yandex,cpc,dod-professions,"2023-06-17",25
vk-senler,cpc,freemium,"2023-06-17",23
yandex,cpc,prof-professions-retarget,"2023-06-17",22
yandex,cpc,dod-frontend,"2023-06-17",13
yandex,cpc,dod-qa,"2023-06-17",11
yandex,cpc,dod-php,"2023-06-17",11
yandex,cpc,dod-python-java,"2023-06-17",9
vk,cpc,prof-python,"2023-06-17",9
telegram,cpp,base-frontend,"2023-06-17",9
vk,cpc,prof-frontend,"2023-06-17",8
yandex,cpc,base-professions-retarget,"2023-06-17",8
vk,cpc,freemium-frontend,"2023-06-17",7
vk,cpc,prof-data-analytics,"2023-06-17",7
vk,cpc,prof-java,"2023-06-17",6
vk,cpc,freemium-python,"2023-06-17",6
vk,social,dod-professions,"2023-06-17",6
yandex,cpc,dod-java,"2023-06-17",6
vk,cpc,freemium-java,"2023-06-17",5
telegram,cpp,prof-frontend,"2023-06-17",4
vk,social,all-courses,"2023-06-17",3
telegram,cpp,base-java,"2023-06-17",3
baidu.com,organic,,"2023-06-17",2
telegram,social,course_completed,"2023-06-17",2
vk,social,general,"2023-06-17",2
vk,cpc,frontend,"2023-06-17",2
telegram,social,dod-professions,"2023-06-17",2
telegram,cpp,base-python,"2023-06-17",2
yandex.com,organic,,"2023-06-17",2
telegram,social,hexlet-blog,"2023-06-17",2
yandex-direct,cpc,"50088205","2023-06-17",1
twitter,social,promo,"2023-06-17",1
Yandex,cpc,"93234055","2023-06-17",1
twitter,social,hexlet-blog,"2023-06-17",1
admitad,cpc,"442763","2023-06-17",1
timepad,cpp,base-frontend,"2023-06-17",1
telegram,social,promo,"2023-06-17",1
facebook,social,hexlet-blog,"2023-06-17",1
telegram,cpp,prof-python,"2023-06-17",1
vk,cpc,prof-qa,"2023-06-17",1
instagram,social,base-frontend,"2023-06-17",1
vk,cpm,base,"2023-06-17",1
instagram,social,hexlet-blog,"2023-06-17",1
vk,social,promo,"2023-06-17",1
instagram,social,prof-data-analyst,"2023-06-17",1
telegram,cpp,prof-java,"2023-06-17",1
vk,social,prof-data-analytics,"2023-06-17",1
telegram,cpp,prof-data-analytics,"2023-06-17",1
vk,cpp,base-frontend,"2023-06-17",1
zen,social,zen_post,"2023-06-17",1
telegram,cpm,base_python,"2023-06-17",1
telegram,cpm,frontend,"2023-06-17",1
telegram,cpm,java,"2023-06-17",1
Yandex,cpc,"06892634","2023-06-17",1
google,organic,,"2023-06-18",3851
organic,organic,,"2023-06-18",809
yandex,cpc,freemium,"2023-06-18",219
yandex,cpc,prof-python,"2023-06-18",163
yandex,cpc,prof-frontend,"2023-06-18",149
yandex,cpc,prof-java,"2023-06-18",111
admitad,cpa,admitad,"2023-06-18",78
yandex,cpc,base-java,"2023-06-18",61
yandex,cpc,prof-professions-brand,"2023-06-18",51
yandex,cpc,base-python,"2023-06-18",43
bing.com,organic,,"2023-06-18",36
yandex,cpc,base-frontend,"2023-06-18",27
yandex,cpc,prof-data-analytics,"2023-06-18",27
yandex,cpc,prof-professions-retarget,"2023-06-18",25
vk-senler,cpc,freemium,"2023-06-18",21
yandex,cpc,dod-frontend,"2023-06-18",21
yandex,cpc,dod-professions,"2023-06-18",14
telegram,cpp,base-frontend,"2023-06-18",11
yandex,cpc,dod-php,"2023-06-18",11
vk,cpc,prof-data-analytics,"2023-06-18",10
vk,cpc,freemium-frontend,"2023-06-18",9
yandex,cpc,base-professions-retarget,"2023-06-18",9
vk-senler,cpc,dod-professions,"2023-06-18",8
vk,cpc,prof-java,"2023-06-18",8
yandex,cpc,dod-java,"2023-06-18",8
yandex,cpc,dod-python-java,"2023-06-18",8
vk,cpc,freemium-python,"2023-06-18",7
vk,cpc,prof-python,"2023-06-18",6
vk,social,dod-professions,"2023-06-18",4
yandex,cpc,dod-qa,"2023-06-18",4
telegram,cpp,base-python,"2023-06-18",3
telegram,cpp,base-java,"2023-06-18",2
vk,social,all-courses,"2023-06-18",2
telegram,social,hexlet-blog,"2023-06-18",2
telegram,social,promo,"2023-06-18",2
vk,cpc,prof-frontend,"2023-06-18",2
telegram,cpp,prof-java,"2023-06-18",2
telegram,cpp,prof-python,"2023-06-18",2
vc,cpp,dod-professions,"2023-06-18",2
telegram,social,course_completed,"2023-06-18",2
zen,social,prof-data-analyst,"2023-06-18",1
telegram,cpp,prof-qa,"2023-06-18",1
vkontakte,social,button-vk,"2023-06-18",1
vk.com,social,skolko-stoit-obuchenie-na-hekslete-dlya,"2023-06-18",1
vk-senler,cpc,dod-frontend,"2023-06-18",1
vk,social,reshenie-zadach--horoshiy-sposob-zakrepit,"2023-06-18",1
telegram,social,mdtruehaskell--funktsionalnyy-yazyk,"2023-06-18",1
vk,social,prof-python,"2023-06-18",1
Yandex,cpc,"77386453","2023-06-18",1
vk,cpc,freemium-java,"2023-06-18",1
telegram,cpp,dod-frontend,"2023-06-18",1
baidu.com,organic,,"2023-06-18",1
telegram,social,base-frontend,"2023-06-18",1
vk,cpp,base-frontend,"2023-06-18",1
partners,cpm,all,"2023-06-18",1
zen_from_telegram,social,,"2023-06-18",1
yandex-direct,cpc,"97574364","2023-06-18",1
twitter,social,all-courses,"2023-06-18",1
twitter,social,course_completed,"2023-06-18",1
Yandex,cpc,"39770358","2023-06-18",1
Yandex,cpc,"81276251","2023-06-18",1
facebook,cpc,freemium,"2023-06-18",1
telegram,social,dod-professions,"2023-06-18",1
zen,social,hexlet-blog,"2023-06-18",1
organic,organic,,"2023-06-19",1154
google,organic,,"2023-06-19",502
yandex,cpc,freemium,"2023-06-19",239
yandex,cpc,prof-python,"2023-06-19",185
yandex,cpc,prof-java,"2023-06-19",143
yandex,cpc,prof-frontend,"2023-06-19",135
admitad,cpa,admitad,"2023-06-19",69
yandex,cpc,base-java,"2023-06-19",66
yandex,cpc,base-python,"2023-06-19",60
bing.com,organic,,"2023-06-19",54
yandex,cpc,prof-professions-brand,"2023-06-19",45
yandex,cpc,base-frontend,"2023-06-19",43
yandex,cpc,prof-data-analytics,"2023-06-19",35
vk-senler,cpc,freemium,"2023-06-19",23
yandex,cpc,dod-frontend,"2023-06-19",18
yandex,cpc,prof-professions-retarget,"2023-06-19",18
vk,cpc,prof-python,"2023-06-19",15
yandex,cpc,base-professions-retarget,"2023-06-19",14
vk,cpc,prof-frontend,"2023-06-19",12
vk,cpc,prof-java,"2023-06-19",11
vk,cpc,prof-data-analytics,"2023-06-19",10
telegram,cpp,base-frontend,"2023-06-19",9
vk,cpc,freemium-python,"2023-06-19",8
yandex,cpc,dod-qa,"2023-06-19",8
yandex,cpc,dod-python-java,"2023-06-19",8
vk,cpc,freemium-frontend,"2023-06-19",7
yandex,cpc,dod-java,"2023-06-19",6
yandex,cpc,dod-professions,"2023-06-19",6
yandex,cpc,dod-php,"2023-06-19",6
vk,social,all-courses,"2023-06-19",4
vk,cpc,freemium-java,"2023-06-19",4
vk,cpp,dod-python-java,"2023-06-19",4
timepad,cpp,base-frontend,"2023-06-19",3
vk,social,base-python,"2023-06-19",3
twitter.com,social,istorii-uspeha-nashih-uchenikov-i-vypuskni,"2023-06-19",3
zen,social,all-courses,"2023-06-19",2
telegram,social,promo,"2023-06-19",2
instagram,social,hexlet-blog,"2023-06-19",2
go.mail.ru,organic,,"2023-06-19",2
vk,social,general,"2023-06-19",2
telegram,social,dod-professions,"2023-06-19",2
yandex.com,organic,,"2023-06-19",2
telegram,cpp,base-python,"2023-06-19",2
twitter,social,hexlet-blog,"2023-06-19",2
telegram,cpp,prof-python,"2023-06-19",2
vk,social,base-java,"2023-06-19",2
vk,cpp,dod-professions,"2023-06-19",1
vk,cpp,dod-frontend,"2023-06-19",1
telegram,social,special-newyear23,"2023-06-19",1
Yandex,cpc,"52168119","2023-06-19",1
telegram,social,course_completed,"2023-06-19",1
twitter,social,devushki_v_it,"2023-06-19",1
dzen,social,dzen-post,"2023-06-19",1
telegram,cpp,dod-java,"2023-06-19",1
vk,cpp,base-frontend,"2023-06-19",1
vc,cpp,dod-professions,"2023-06-19",1
vk,social,base-frontend,"2023-06-19",1
telegram,social,kak-blagodarya-heksletu-ya-ustroilsya-v-epa,"2023-06-19",1
telegram,cpp,prof-data-analytics,"2023-06-19",1
telegram,social,hexlet-blog,"2023-06-19",1
vk,social,prof-data-analyst,"2023-06-19",1
vk,social,base-php,"2023-06-19",1
instagram,social,all-courses,"2023-06-19",1
vk,social,dod-professions,"2023-06-19",1
twitter,social,obuchenie-programmirovaniyu-v-30 -let-pod,"2023-06-19",1
admitad,cpc,"442763","2023-06-19",1
search.ukr.net,organic,,"2023-06-19",1
telegram,cpm,java,"2023-06-19",1
twitter,social,my-poprosili-nastavnikov-heksleta-rasska,"2023-06-19",1
Yandex,cpm,"84109871","2023-06-19",1
zen,social,hexlet,"2023-06-19",1
vk,social,reshenie-zadach--horoshiy-sposob-zakrepit,"2023-06-19",1
google,organic,,"2023-06-20",6348
organic,organic,,"2023-06-20",2049
yandex,cpc,freemium,"2023-06-20",242
yandex,cpc,prof-python,"2023-06-20",184
yandex,cpc,prof-frontend,"2023-06-20",148
yandex,cpc,prof-java,"2023-06-20",119
admitad,cpa,admitad,"2023-06-20",77
yandex,cpc,base-python,"2023-06-20",58
yandex,cpc,base-java,"2023-06-20",53
yandex,cpc,prof-professions-brand,"2023-06-20",47
bing.com,organic,,"2023-06-20",44
yandex,cpc,prof-data-analytics,"2023-06-20",38
yandex,cpc,base-frontend,"2023-06-20",33
yandex,cpc,prof-professions-retarget,"2023-06-20",27
yandex,cpc,dod-professions,"2023-06-20",17
vk-senler,cpc,freemium,"2023-06-20",17
yandex,cpc,dod-frontend,"2023-06-20",17
vk,cpc,prof-python,"2023-06-20",15
vk,cpc,freemium-frontend,"2023-06-20",15
yandex,cpc,dod-python-java,"2023-06-20",10
telegram,social,dod-professions,"2023-06-20",10
vk,cpc,freemium-java,"2023-06-20",9
vk,cpc,prof-java,"2023-06-20",8
instagram,social,base-frontend,"2023-06-20",8
vk,cpc,prof-data-analytics,"2023-06-20",7
yandex,cpc,dod-php,"2023-06-20",7
yandex,cpc,dod-java,"2023-06-20",6
telegram,cpp,base-frontend,"2023-06-20",6
vk,cpp,dod-python-java,"2023-06-20",5
instagram,social,prof-qa-auto,"2023-06-20",5
yandex,cpc,dod-qa,"2023-06-20",5
vk,cpc,freemium-python,"2023-06-20",5
yandex.com,organic,,"2023-06-20",4
vk,social,dod-professions,"2023-06-20",4
vk,cpc,prof-frontend,"2023-06-20",4
instagram,social,prof-frontend,"2023-06-20",4
instagram,social,prof-backend,"2023-06-20",3
vk,social,all-courses,"2023-06-20",3
instagram,social,prof-data-analytics,"2023-06-20",3
instagram,social,prof-java,"2023-06-20",3
telegram,cpp,base-python,"2023-06-20",3
telegram,cpp,base-java,"2023-06-20",3
instagram,social,prof-qa,"2023-06-20",2
vk,social,hexlet-blog,"2023-06-20",2
instagram,social,prof-rails,"2023-06-20",2
instagram,social,prof-python,"2023-06-20",2
go.mail.ru,organic,,"2023-06-20",2
yandex,cpc,base-professions-retarget,"2023-06-20",2
telegram,social,hexlet-blog,"2023-06-20",1
vc,cpp,dod-professions,"2023-06-20",1
vk,social,reshenie-zadach--horoshiy-sposob-zakrepit,"2023-06-20",1
vk,social,base-java,"2023-06-20",1
instagram,social,base-java,"2023-06-20",1
instagram,social,prof-php,"2023-06-20",1
telegram,cpp,prof-python,"2023-06-20",1
vk,social,base-python,"2023-06-20",1
vk.com,social,skolko-stoit-obuchenie-na-hekslete-dlya,"2023-06-20",1
baidu.com,organic,,"2023-06-20",1
zen,social,all-courses,"2023-06-20",1
telegram,cpm,frontend,"2023-06-20",1
telegram,cpp,prof-frontend,"2023-06-20",1
vk,social,general,"2023-06-20",1
vk-senler,cpc,dod-frontend,"2023-06-20",1
yandex-direct,cpc,"85838400","2023-06-20",1
telegram,cpp,prof-data-analytics,"2023-06-20",1
yandex-direct,cpc,"70989018","2023-06-20",1
admitad,cpc,"442763","2023-06-20",1
twitter,social,my-poprosili-nastavnikov-heksleta-rasska,"2023-06-20",1
instagram,social,all-courses,"2023-06-20",1
vk-senler,cpc,dod-professions,"2023-06-20",1
yandex-direct,cpc,"26593528","2023-06-20",1
vk,social,dod-python-java,"2023-06-20",1
vk,social,base-frontend,"2023-06-20",1
Yandex,cpm,"14191988","2023-06-20",1
telegram,cpp,prof-java,"2023-06-20",1
timepad,cpp,base-frontend,"2023-06-20",1
telegram,social,mdtruereshenie-zadach--horoshiy-sposob-z,"2023-06-20",1
twitter.com,social,buffer,"2023-06-20",1
organic,organic,,"2023-06-21",1287
google,organic,,"2023-06-21",1060
yandex,cpc,freemium,"2023-06-21",225
yandex,cpc,prof-python,"2023-06-21",155
yandex,cpc,prof-frontend,"2023-06-21",140
yandex,cpc,prof-java,"2023-06-21",126
admitad,cpa,admitad,"2023-06-21",78
yandex,cpc,base-java,"2023-06-21",59
yandex,cpc,base-frontend,"2023-06-21",55
bing.com,organic,,"2023-06-21",45
yandex,cpc,base-python,"2023-06-21",44
yandex,cpc,prof-professions-brand,"2023-06-21",42
yandex,cpc,prof-data-analytics,"2023-06-21",32
yandex,cpc,prof-professions-retarget,"2023-06-21",25
vk,cpc,prof-python,"2023-06-21",19
vk-senler,cpc,freemium,"2023-06-21",16
yandex,cpc,dod-frontend,"2023-06-21",16
vk,cpc,prof-data-analytics,"2023-06-21",15
yandex,cpc,dod-java,"2023-06-21",13
yandex,cpc,dod-python-java,"2023-06-21",12
telegram,cpp,prof-java,"2023-06-21",12
yandex,cpc,dod-professions,"2023-06-21",11
telegram,cpp,prof-python,"2023-06-21",10
vk,cpc,prof-frontend,"2023-06-21",10
yandex,cpc,dod-qa,"2023-06-21",9
vk,cpc,freemium-frontend,"2023-06-21",9
vk,cpc,prof-java,"2023-06-21",9
vk,cpp,dod-python-java,"2023-06-21",8
yandex.com,organic,,"2023-06-21",8
vk,cpc,freemium-python,"2023-06-21",7
yandex,cpc,base-professions-retarget,"2023-06-21",6
vk,cpc,freemium-java,"2023-06-21",6
yandex,cpc,dod-php,"2023-06-21",5
telegram,cpp,base-java,"2023-06-21",5
telegram,social,dod-professions,"2023-06-21",4
instagram,social,prof-frontend,"2023-06-21",4
telegram,cpp,base-frontend,"2023-06-21",4
vk,social,hexlet-blog,"2023-06-21",3
vk,social,general,"2023-06-21",2
telegram,social,hexlet-blog,"2023-06-21",2
telegram,social,promo,"2023-06-21",2
facebook,social,hexlet-blog,"2023-06-21",2
vk,social,all-courses,"2023-06-21",2
instagram,social,prof-qa,"2023-06-21",2
vk,social,dod-professions,"2023-06-21",1
Yandex,cpc,"74431025","2023-06-21",1
twitter,social,promo,"2023-06-21",1
zen,social,hexlet-blog,"2023-06-21",1
vk,cpc,prof-php,"2023-06-21",1
vk,social,base-java,"2023-06-21",1
vk.com,social,skolko-stoit-obuchenie-na-hekslete-dlya,"2023-06-21",1
zen,social,hexlet,"2023-06-21",1
dzen,social,dzen-post,"2023-06-21",1
telegram,cpm,python,"2023-06-21",1
twitter,social,hexlet-blog,"2023-06-21",1
zen,social,all-courses,"2023-06-21",1
Yandex,cpc,"08409986","2023-06-21",1
zen_from_telegram,social,,"2023-06-21",1
telegram,cpp,base-python,"2023-06-21",1
vk,social,course_completed,"2023-06-21",1
telegram,cpm,base_java,"2023-06-21",1
telegram,social,kak-optimizirovat-tretiy-proekt-v-professii-python,"2023-06-21",1
instagram,social,base-frontend,"2023-06-21",1
vk-group,cpc,dod-qa,"2023-06-21",1
vk,cpc,freemium,"2023-06-21",1
yandex-direct,cpc,"71522986","2023-06-21",1
instagram,social,hexlet-blog,"2023-06-21",1
admitad,cpc,"442763","2023-06-21",1
instagram,social,prof-backend,"2023-06-21",1
telegram,social,mdtruehaskell--funktsionalnyy-yazyk,"2023-06-21",1
tg,social,hostel,"2023-06-21",1
vk,social,prof-python,"2023-06-21",1
instagram,social,prof-data-analytics,"2023-06-21",1
instagram,social,prof-fullstack,"2023-06-21",1
instagram,social,prof-java,"2023-06-21",1
instagram,social,prof-php,"2023-06-21",1
vk,cpp,base-frontend,"2023-06-21",1
instagram,social,prof-python,"2023-06-21",1
vk,social,prof-data-analyst,"2023-06-21",1
telegram,cpp,prof-data-analytics,"2023-06-21",1
telegram,cpp,dod-java,"2023-06-21",1
instagram,social,prof-qa-auto,"2023-06-21",1
telegram,social,u-nas-chasto-sprashivayut--kakie-knigi-nuzhn,"2023-06-21",1
google,organic,,"2023-06-22",3601
organic,organic,,"2023-06-22",1196
yandex,cpc,freemium,"2023-06-22",251
yandex,cpc,prof-frontend,"2023-06-22",175
yandex,cpc,prof-python,"2023-06-22",163
yandex,cpc,prof-java,"2023-06-22",129
admitad,cpa,admitad,"2023-06-22",99
yandex,cpc,base-java,"2023-06-22",66
yandex,cpc,base-python,"2023-06-22",65
yandex,cpc,base-frontend,"2023-06-22",51
bing.com,organic,,"2023-06-22",48
yandex,cpc,prof-professions-brand,"2023-06-22",41
yandex,cpc,prof-data-analytics,"2023-06-22",29
vk-senler,cpc,freemium,"2023-06-22",22
yandex,cpc,dod-frontend,"2023-06-22",20
yandex,cpc,prof-professions-retarget,"2023-06-22",19
vk,cpc,prof-python,"2023-06-22",19
vk,cpc,prof-java,"2023-06-22",13
yandex,cpc,dod-professions,"2023-06-22",12
vk,cpc,freemium-frontend,"2023-06-22",11
vk,cpc,prof-data-analytics,"2023-06-22",11
yandex,cpc,dod-php,"2023-06-22",11
telegram,cpp,prof-java,"2023-06-22",10
yandex,cpc,dod-python-java,"2023-06-22",10
vk,cpp,dod-python-java,"2023-06-22",9
yandex,cpc,base-professions-retarget,"2023-06-22",7
telegram,cpp,prof-python,"2023-06-22",7
yandex,cpc,dod-java,"2023-06-22",7
vk,cpc,prof-frontend,"2023-06-22",7
vk,cpc,freemium-python,"2023-06-22",6
vk,social,all-courses,"2023-06-22",5
yandex.com,organic,,"2023-06-22",5
baidu.com,organic,,"2023-06-22",5
yandex,cpc,dod-qa,"2023-06-22",4
vk,cpc,freemium-java,"2023-06-22",4
telegram,social,dod-professions,"2023-06-22",4
dzen,social,dzen-post,"2023-06-22",3
zen,social,all-courses,"2023-06-22",2
tg,social,hostel,"2023-06-22",2
vk,social,base-python,"2023-06-22",2
vk,social,dod-professions,"2023-06-22",1
vk-senler,cpc,dod-python-java,"2023-06-22",1
telegram,social,hexlet-blog,"2023-06-22",1
vk,social,planiruy-uchebu--fokusiruysya-na-protsesse,"2023-06-22",1
facebook,social,hexlet-blog,"2023-06-22",1
telegram,cpm,base_java,"2023-06-22",1
mytarget,cpc,retarget,"2023-06-22",1
instagram,social,all-courses,"2023-06-22",1
telegram,cpp,base-python,"2023-06-22",1
vk,cpp,base-frontend,"2023-06-22",1
vk,social,"8-statey--kotorye-budut-polezny-novichku","2023-06-22",1
facebook,cpc,freemium,"2023-06-22",1
vk,cpc,python,"2023-06-22",1
telegram,social,promo,"2023-06-22",1
zen,social,hexlet,"2023-06-22",1
vk,social,prof-python,"2023-06-22",1
zen_from_telegram,social,,"2023-06-22",1
vk,social,base-html,"2023-06-22",1
podcast,social,all-courses,"2023-06-22",1
timepad,cpp,base-frontend,"2023-06-22",1
telegram,cpp,base-java,"2023-06-22",1
instagram,social,hexlet-blog,"2023-06-22",1
yandex-direct,cpc,"18177858","2023-06-22",1
vk,social,dod-python-java,"2023-06-22",1
vk,social,promo,"2023-06-22",1
twitter,social,grokaem_algoritmy,"2023-06-22",1
vk-group,cpc,dod-qa,"2023-06-22",1
telegram,cpp,base-frontend,"2023-06-22",1
vk,social,course_completed,"2023-06-22",1
twitter,social,hexlet-blog,"2023-06-22",1
google,organic,,"2023-06-23",5180
organic,organic,,"2023-06-23",1669
yandex,cpc,freemium,"2023-06-23",255
yandex,cpc,prof-python,"2023-06-23",207
yandex,cpc,prof-frontend,"2023-06-23",182
yandex,cpc,prof-java,"2023-06-23",134
yandex,cpc,base-java,"2023-06-23",71
yandex,cpc,base-python,"2023-06-23",66
admitad,cpa,admitad,"2023-06-23",61
yandex,cpc,base-frontend,"2023-06-23",58
telegram,social,hexlet-blog,"2023-06-23",52
yandex,cpc,prof-professions-brand,"2023-06-23",49
yandex,cpc,prof-data-analytics,"2023-06-23",43
bing.com,organic,,"2023-06-23",39
yandex,cpc,prof-professions-retarget,"2023-06-23",34
yandex,cpc,dod-frontend,"2023-06-23",22
vk-senler,cpc,freemium,"2023-06-23",19
telegram,cpp,prof-java,"2023-06-23",19
yandex,cpc,dod-professions,"2023-06-23",18
vk,cpc,prof-python,"2023-06-23",17
vk,cpc,prof-data-analytics,"2023-06-23",16
vk,cpc,prof-frontend,"2023-06-23",12
vk,cpc,freemium-frontend,"2023-06-23",11
yandex,cpc,dod-python-java,"2023-06-23",9
yandex,cpc,dod-php,"2023-06-23",8
yandex,cpc,base-professions-retarget,"2023-06-23",8
telegram,cpp,prof-python,"2023-06-23",8
vk,cpc,prof-java,"2023-06-23",7
vk,cpc,freemium-java,"2023-06-23",7
yandex,cpc,dod-java,"2023-06-23",7
telegram,cpp,base-frontend,"2023-06-23",6
yandex,cpc,dod-qa,"2023-06-23",5
vk,cpc,freemium-python,"2023-06-23",5
vk,social,all-courses,"2023-06-23",5
vk,cpc,base-python,"2023-06-23",5
timepad,cpp,base-frontend,"2023-06-23",4
yandex.com,organic,,"2023-06-23",3
vk,social,prof-python,"2023-06-23",2
vk,cpp,dod-python-java,"2023-06-23",2
telegram,cpp,prof-frontend,"2023-06-23",2
vk,social,hexlet-blog,"2023-06-23",2
zen,social,hexlet,"2023-06-23",2
telegram,social,dod-professions,"2023-06-23",2
telegram,social,base,"2023-06-23",1
vk,social,prof-data-analyst,"2023-06-23",1
telegram,cpm,java,"2023-06-23",1
telegram,cpp,base-python,"2023-06-23",1
facebook,cpm,freemium-en,"2023-06-23",1
vk,social,"8-statey--kotorye-budut-polezny-novichku","2023-06-23",1
vk,social,open_lectures23,"2023-06-23",1
vk,social,base-python,"2023-06-23",1
search.ukr.net,organic,,"2023-06-23",1
telegram,social,promo,"2023-06-23",1
telegram,cpm,base_python,"2023-06-23",1
facebook,cpc,freemium,"2023-06-23",1
twitter,social,how-to-sleep,"2023-06-23",1
instagram,social,prof-frontend,"2023-06-23",1
twitter,social,promo,"2023-06-23",1
telegram,cpp,dod-php,"2023-06-23",1
vk,social,course_completed,"2023-06-23",1
instagram,social,prof-qa-auto,"2023-06-23",1
vk-senler,cpc,dod-python-java,"2023-06-23",1
google,organic,,"2023-06-24",2746
organic,organic,,"2023-06-24",1225
yandex,cpc,freemium,"2023-06-24",263
yandex,cpc,prof-frontend,"2023-06-24",172
yandex,cpc,prof-python,"2023-06-24",164
yandex,cpc,prof-java,"2023-06-24",129
admitad,cpa,admitad,"2023-06-24",60
yandex,cpc,base-java,"2023-06-24",58
yandex,cpc,base-frontend,"2023-06-24",41
yandex,cpc,base-python,"2023-06-24",40
telegram,social,hexlet-blog,"2023-06-24",38
yandex,cpc,prof-professions-brand,"2023-06-24",35
bing.com,organic,,"2023-06-24",32
yandex,cpc,prof-data-analytics,"2023-06-24",29
yandex,cpc,prof-professions-retarget,"2023-06-24",27
yandex,cpc,dod-frontend,"2023-06-24",24
yandex,cpc,dod-professions,"2023-06-24",23
vk,cpc,prof-python,"2023-06-24",18
vk,cpc,prof-data-analytics,"2023-06-24",14
vk,cpc,prof-java,"2023-06-24",13
telegram,cpp,base-frontend,"2023-06-24",11
telegram,cpp,prof-java,"2023-06-24",11
yandex,cpc,dod-python-java,"2023-06-24",10
yandex,cpc,dod-java,"2023-06-24",9
vk,cpc,prof-frontend,"2023-06-24",9
yandex,cpc,dod-php,"2023-06-24",8
vk,cpc,base-python,"2023-06-24",7
vk,cpc,freemium-python,"2023-06-24",7
vk,cpc,freemium-frontend,"2023-06-24",6
vk-senler,cpc,freemium,"2023-06-24",6
yandex,cpc,base-professions-retarget,"2023-06-24",6
yandex,cpc,dod-qa,"2023-06-24",5
baidu.com,organic,,"2023-06-24",4
vk,cpc,freemium-java,"2023-06-24",3
vk,social,base-python,"2023-06-24",3
vk,social,all-courses,"2023-06-24",2
vk,social,prof-python,"2023-06-24",2
telegram,cpp,prof-python,"2023-06-24",2
vk,cpp,dod-python-java,"2023-06-24",2
telegram,cpp,prof-frontend,"2023-06-24",2
yandex.com,organic,,"2023-06-24",2
vk-senler,cpc,dod-python-java,"2023-06-24",1
telegram,cpp,base-python,"2023-06-24",1
vk-senler,cpc,dod-frontend,"2023-06-24",1
telegram,cpm,frontend,"2023-06-24",1
vk-senler,cpc,base-python,"2023-06-24",1
vk,social,reshenie-zadach--horoshiy-sposob-zakrepit,"2023-06-24",1
vk,social,base-java,"2023-06-24",1
go.mail.ru,organic,,"2023-06-24",1
yandex-direct,cpc,"57063851","2023-06-24",1
timepad,cpp,base-frontend,"2023-06-24",1
telegram,cpp,base-java,"2023-06-24",1
vk,cpp,base-frontend,"2023-06-24",1
twitter,social,promo,"2023-06-24",1
telegram,social,promo,"2023-06-24",1
facebook,cpc,python,"2023-06-24",1
vk,social,matematika-ilnar,"2023-06-24",1
vk,social,hexlet-blog,"2023-06-24",1
google,organic,,"2023-06-25",3550
organic,organic,,"2023-06-25",1516
yandex,cpc,freemium,"2023-06-25",211
yandex,cpc,prof-python,"2023-06-25",157
yandex,cpc,prof-java,"2023-06-25",149
yandex,cpc,prof-frontend,"2023-06-25",147
admitad,cpa,admitad,"2023-06-25",79
yandex,cpc,base-java,"2023-06-25",66
yandex,cpc,base-python,"2023-06-25",61
yandex,cpc,prof-professions-brand,"2023-06-25",46
yandex,cpc,base-frontend,"2023-06-25",40
bing.com,organic,,"2023-06-25",31
yandex,cpc,prof-professions-retarget,"2023-06-25",29
vk,cpc,prof-python,"2023-06-25",26
yandex,cpc,prof-data-analytics,"2023-06-25",23
yandex,cpc,dod-frontend,"2023-06-25",22
vk,cpc,prof-java,"2023-06-25",22
telegram,cpp,prof-java,"2023-06-25",17
vk,cpc,prof-data-analytics,"2023-06-25",15
telegram,social,hexlet-blog,"2023-06-25",14
vk,cpc,freemium-frontend,"2023-06-25",13
yandex,cpc,dod-professions,"2023-06-25",12
vk,cpc,base-python,"2023-06-25",10
yandex,cpc,dod-java,"2023-06-25",9
vk,cpc,freemium-python,"2023-06-25",8
yandex,cpc,dod-php,"2023-06-25",7
yandex,cpc,dod-qa,"2023-06-25",6
vk,cpc,prof-frontend,"2023-06-25",5
yandex,cpc,base-professions-retarget,"2023-06-25",4
yandex,cpc,dod-python-java,"2023-06-25",4
yandex.com,organic,,"2023-06-25",3
vk-senler,cpc,freemium,"2023-06-25",3
vk,social,all-courses,"2023-06-25",2
telegram,cpp,base-frontend,"2023-06-25",2
telegram,cpp,base-python,"2023-06-25",2
vk,cpp,base-frontend,"2023-06-25",2
vk-senler,cpc,dod-frontend,"2023-06-25",2
telegram,cpp,prof-python,"2023-06-25",2
go.mail.ru,organic,,"2023-06-25",2
telegram,social,course_completed,"2023-06-25",2
telegram,social,dod-professions,"2023-06-25",2
vk,cpc,freemium-java,"2023-06-25",2
timepad,cpp,base-frontend,"2023-06-25",2
vk,social,hexlet-blog,"2023-06-25",1
vk,social,dod-python-java,"2023-06-25",1
instagram,social,base-pyton,"2023-06-25",1
vkontakte,social,button-vk,"2023-06-25",1
zen,social,hexlet,"2023-06-25",1
telegram,social,studenty-heksleta-inogda-rasstraivayutsya,"2023-06-25",1
vk,social,base-python,"2023-06-25",1
baidu.com,organic,,"2023-06-25",1
twitter,social,devushki_v_it,"2023-06-25",1
telegram,social,mdtruevyrazitelnyy-javascript--arh,"2023-06-25",1
vk,social,prof-python,"2023-06-25",1
telegram,cpp,base-java,"2023-06-25",1
instagram,social,prof-fullstack,"2023-06-25",1
instagram,social,prof-php,"2023-06-25",1
instagram,social,prof-python,"2023-06-25",1
vk,social,general,"2023-06-25",1
google,organic,,"2023-06-26",5764
organic,organic,,"2023-06-26",1137
yandex,cpc,freemium,"2023-06-26",251
yandex,cpc,prof-python,"2023-06-26",187
yandex,cpc,prof-frontend,"2023-06-26",166
yandex,cpc,prof-java,"2023-06-26",121
admitad,cpa,admitad,"2023-06-26",99
telegram,social,hexlet-blog,"2023-06-26",82
telegram,cpp,base-python,"2023-06-26",60
yandex,cpc,base-python,"2023-06-26",57
yandex,cpc,base-java,"2023-06-26",52
bing.com,organic,,"2023-06-26",49
yandex,cpc,base-frontend,"2023-06-26",43
yandex,cpc,prof-professions-brand,"2023-06-26",40
yandex,cpc,prof-data-analytics,"2023-06-26",36
vk,cpc,prof-python,"2023-06-26",24
yandex,cpc,dod-frontend,"2023-06-26",19
vk,cpc,prof-java,"2023-06-26",19
yandex,cpc,dod-professions,"2023-06-26",19
yandex,cpc,prof-professions-retarget,"2023-06-26",18
vk,cpc,freemium-frontend,"2023-06-26",18
vk-senler,cpc,freemium,"2023-06-26",17
yandex,cpc,dod-python-java,"2023-06-26",11
telegram,cpp,base-java,"2023-06-26",10
vk,cpc,freemium-python,"2023-06-26",8
yandex,cpc,dod-qa,"2023-06-26",7
yandex,cpc,dod-java,"2023-06-26",6
vk,social,hexlet-blog,"2023-06-26",5
facebook,social,hexlet-blog,"2023-06-26",5
yandex,cpc,base-professions-retarget,"2023-06-26",4
vk,cpc,prof-data-analytics,"2023-06-26",4
vk,cpc,prof-frontend,"2023-06-26",4
telegram,cpp,prof-python,"2023-06-26",4
vk,cpc,base-python,"2023-06-26",3
telegram,social,dod-professions,"2023-06-26",3
vk,social,prof-python,"2023-06-26",3
yandex,cpc,dod-php,"2023-06-26",3
baidu.com,organic,,"2023-06-26",3
telegram,cpp,prof-java,"2023-06-26",3
vk,social,base-java,"2023-06-26",2
vk,social,all-courses,"2023-06-26",2
vk,cpp,base-java,"2023-06-26",2
podcast,social,interview,"2023-06-26",1
vk-senler,cpc,base-frontend,"2023-06-26",1
telegram,social,"20-sovetov-dlya-buduschih-programmistov--ko","2023-06-26",1
twitter,social,"9-marta-v-1930-po-moskovskomu-vremeni-p","2023-06-26",1
search.ukr.net,organic,,"2023-06-26",1
vk,cpp,dod-python-java,"2023-06-26",1
yandex.com,organic,,"2023-06-26",1
admitad,cpc,"183258","2023-06-26",1
zen,social,all-courses,"2023-06-26",1
telegram,cpp,base-frontend,"2023-06-26",1
telegram,cpp,prof-data-analytics,"2023-06-26",1
telegram,social,course_completed,"2023-06-26",1
vk,social,prof-data-analyst,"2023-06-26",1
instagram,social,prof-python,"2023-06-26",1
admitad,cpa,"442763","2023-06-26",1
telegram,cpp,prof-frontend,"2023-06-26",1
vk,cpc,freemium-java,"2023-06-26",1
vk,cpp,base-frontend,"2023-06-26",1
dzen,social,dzen-post,"2023-06-26",1
instagram,social,hexlet-blog,"2023-06-26",1
vk,social,general,"2023-06-26",1
zen,social,prof-python,"2023-06-26",1
instagram,social,all-courses,"2023-06-26",1
vk,social,base-python,"2023-06-26",1
instagram,social,promo,"2023-06-26",1
telegram,social,uyazvimost-v-java-ugrozhaet-sotnyam-tysyach,"2023-06-26",1
google,organic,,"2023-06-27",5965
organic,organic,,"2023-06-27",1863
yandex,cpc,freemium,"2023-06-27",238
yandex,cpc,prof-python,"2023-06-27",175
yandex,cpc,prof-frontend,"2023-06-27",158
yandex,cpc,prof-java,"2023-06-27",128
admitad,cpa,admitad,"2023-06-27",75
yandex,cpc,base-java,"2023-06-27",58
yandex,cpc,base-python,"2023-06-27",58
yandex,cpc,prof-professions-brand,"2023-06-27",58
bing.com,organic,,"2023-06-27",50
yandex,cpc,base-frontend,"2023-06-27",39
yandex,cpc,prof-data-analytics,"2023-06-27",38
telegram,social,hexlet-blog,"2023-06-27",36
yandex,cpc,prof-professions-retarget,"2023-06-27",32
yandex,cpc,dod-professions,"2023-06-27",27
vk-senler,cpc,freemium,"2023-06-27",24
telegram,cpp,base-python,"2023-06-27",23
vk,cpc,prof-python,"2023-06-27",16
yandex,cpc,dod-frontend,"2023-06-27",13
vk,cpc,freemium-frontend,"2023-06-27",12
telegram,cpp,base-java,"2023-06-27",11
yandex,cpc,dod-python-java,"2023-06-27",10
vk,cpc,prof-java,"2023-06-27",10
telegram,cpp,base-frontend,"2023-06-27",10
vk,cpc,base-python,"2023-06-27",9
yandex,cpc,dod-java,"2023-06-27",9
vk,cpc,freemium-python,"2023-06-27",8
vk,cpc,prof-frontend,"2023-06-27",6
yandex,cpc,dod-qa,"2023-06-27",5
yandex.com,organic,,"2023-06-27",4
facebook,social,hexlet-blog,"2023-06-27",4
vk,social,all-courses,"2023-06-27",3
twitter,social,hexlet-blog,"2023-06-27",3
yandex,cpc,dod-php,"2023-06-27",3
telegram,social,dod-professions,"2023-06-27",2
telegram,social,course_completed,"2023-06-27",2
yandex,cpc,base-professions-retarget,"2023-06-27",2
telegram,cpp,prof-java,"2023-06-27",2
vk,social,prof-python,"2023-06-27",2
vk,cpc,freemium-java,"2023-06-27",2
vk,social,general,"2023-06-27",2
yandex-direct,cpc,"26980930","2023-06-27",1
partners,cpm,prof-data-analytics,"2023-06-27",1
twitter,social,analitik-dannyh,"2023-06-27",1
telegram,cpp,prof-frontend,"2023-06-27",1
admitad,cpc,"183258","2023-06-27",1
partners,cpm,prof-qa,"2023-06-27",1
vk,social,dod-professions,"2023-06-27",1
vk-senler,cpc,dod-frontend,"2023-06-27",1
vk,cpp,base-java,"2023-06-27",1
vk,social,hexlet-blog,"2023-06-27",1
twitter,social,promo,"2023-06-27",1
Yandex,cpc,"73043444","2023-06-27",1
vk,social,base-frontend,"2023-06-27",1
vk-group,cpc,dod-qa,"2023-06-27",1
telegram,social,all-courses,"2023-06-27",1
telegram,cpp,prof-python,"2023-06-27",1
vk,cpc,yaintern,"2023-06-27",1
zen,social,blog,"2023-06-27",1
telegram,social,"20-sovetov-dlya-buduschih-programmistov--ko","2023-06-27",1
twitter,social,course_completed,"2023-06-27",1
telegram,social,promo,"2023-06-27",1
vk,social,base-python,"2023-06-27",1
telegram,cpp,dod-frontend,"2023-06-27",1
vk,cpc,prof-data-analytics,"2023-06-27",1
vk,cpp,base-frontend,"2023-06-27",1
dzen,social,dzen_post,"2023-06-27",1
instagram,social,hexlet-blog,"2023-06-27",1
google,organic,,"2023-06-28",5701
organic,organic,,"2023-06-28",1797
yandex,cpc,freemium,"2023-06-28",239
yandex,cpc,prof-python,"2023-06-28",186
yandex,cpc,prof-frontend,"2023-06-28",139
yandex,cpc,prof-java,"2023-06-28",112
admitad,cpa,admitad,"2023-06-28",100
yandex,cpc,base-python,"2023-06-28",60
yandex,cpc,base-java,"2023-06-28",47
bing.com,organic,,"2023-06-28",44
yandex,cpc,base-frontend,"2023-06-28",43
telegram,cpp,base-python,"2023-06-28",37
yandex,cpc,prof-professions-brand,"2023-06-28",34
yandex,cpc,prof-data-analytics,"2023-06-28",27
yandex,cpc,prof-professions-retarget,"2023-06-28",27
telegram,social,hexlet-blog,"2023-06-28",23
yandex,cpc,dod-frontend,"2023-06-28",19
vk,cpc,freemium-frontend,"2023-06-28",17
telegram,cpp,base-java,"2023-06-28",16
telegram,cpp,prof-python,"2023-06-28",16
vk,cpc,prof-python,"2023-06-28",16
vk-senler,cpc,freemium,"2023-06-28",14
yandex,cpc,dod-professions,"2023-06-28",11
vk,cpc,base-python,"2023-06-28",9
yandex,cpc,dod-python-java,"2023-06-28",9
vk,cpc,prof-java,"2023-06-28",9
yandex,cpc,dod-qa,"2023-06-28",8
vk,cpc,freemium-python,"2023-06-28",8
yandex,cpc,base-professions-retarget,"2023-06-28",6
vk,cpc,prof-frontend,"2023-06-28",6
facebook,social,hexlet-blog,"2023-06-28",5
yandex,cpc,dod-java,"2023-06-28",5
vk,cpp,base-java,"2023-06-28",5
telegram,cpp,base-frontend,"2023-06-28",5
vk,cpc,freemium-java,"2023-06-28",5
vk,social,all-courses,"2023-06-28",4
vk,social,hexlet-blog,"2023-06-28",3
yandex,cpc,dod-php,"2023-06-28",3
vk,social,prof-python,"2023-06-28",3
telegram,cpp,prof-java,"2023-06-28",2
twitter,social,promo,"2023-06-28",2
vk,cpc,prof-data-analytics,"2023-06-28",2
telegram,social,course_completed,"2023-06-28",2
instagram,social,hexlet-blog,"2023-06-28",1
twitter,social,webinars,"2023-06-28",1
vk,social,base-python,"2023-06-28",1
yandex.com,organic,,"2023-06-28",1
mytarget,cpc,freemium,"2023-06-28",1
mytarget,cpc,retarget,"2023-06-28",1
admitad,cpc,"183258","2023-06-28",1
vk,social,prof-qa,"2023-06-28",1
telegram,cpm,base,"2023-06-28",1
vk,social,prof-data-analyst,"2023-06-28",1
telegram,social,promo,"2023-06-28",1
instagram,social,prof-java,"2023-06-28",1
Yandex,cpc,"67469241","2023-06-28",1
vk-group,cpc,dod-qa,"2023-06-28",1
partners,cpm,prof-data-analytics,"2023-06-28",1
vk-senler,cpc,dod-php,"2023-06-28",1
telegram,social,dod-professions,"2023-06-28",1
telegram,cpp,prof-frontend,"2023-06-28",1
telegram.me,social,kakoy-yazyk-programmirovaniya-vybrat-dlya,"2023-06-28",1
telegram.me,social,neobhodimyy-minimum-linux-dlya-produktivn,"2023-06-28",1
vk,cpm,java,"2023-06-28",1
vk,social,promo,"2023-06-28",1
vk-senler,cpc,base-frontend,"2023-06-28",1
google,organic,,"2023-06-29",5921
organic,organic,,"2023-06-29",1179
yandex,cpc,freemium,"2023-06-29",227
yandex,cpc,prof-python,"2023-06-29",194
yandex,cpc,prof-frontend,"2023-06-29",149
yandex,cpc,prof-java,"2023-06-29",122
admitad,cpa,admitad,"2023-06-29",71
yandex,cpc,base-python,"2023-06-29",61
yandex,cpc,base-java,"2023-06-29",49
vk-senler,cpc,base-python,"2023-06-29",47
telegram,cpp,base-python,"2023-06-29",46
bing.com,organic,,"2023-06-29",41
yandex,cpc,prof-professions-brand,"2023-06-29",37
yandex,cpc,base-frontend,"2023-06-29",35
yandex,cpc,prof-data-analytics,"2023-06-29",29
yandex,cpc,prof-professions-retarget,"2023-06-29",25
vk,cpc,freemium-frontend,"2023-06-29",21
vk-senler,cpc,freemium,"2023-06-29",21
telegram,social,hexlet-blog,"2023-06-29",20
yandex,cpc,dod-frontend,"2023-06-29",18
yandex,cpc,dod-professions,"2023-06-29",14
vk,cpc,prof-python,"2023-06-29",13
telegram,cpp,prof-java,"2023-06-29",13
yandex,cpc,dod-python-java,"2023-06-29",12
vk,cpc,prof-frontend,"2023-06-29",11
yandex,cpc,dod-java,"2023-06-29",11
telegram,cpp,dod-qa,"2023-06-29",9
telegram,cpp,base-java,"2023-06-29",9
vk,social,base-python,"2023-06-29",8
vk,cpc,prof-java,"2023-06-29",8
vk,social,base-frontend,"2023-06-29",7
vk,cpc,freemium-python,"2023-06-29",6
yandex,cpc,dod-qa,"2023-06-29",5
telegram,cpp,base-frontend,"2023-06-29",5
vk,cpc,base-python,"2023-06-29",4
vk,social,general,"2023-06-29",4
vk,cpp,base-java,"2023-06-29",4
yandex,cpc,dod-php,"2023-06-29",4
telegram,cpp,prof-python,"2023-06-29",4
vk,social,base-java,"2023-06-29",4
vk,cpc,freemium-java,"2023-06-29",3
yandex.com,organic,,"2023-06-29",3
vc,cpp,dod-qa,"2023-06-29",2
yandex,cpc,base-professions-retarget,"2023-06-29",2
vk,social,all-courses,"2023-06-29",2
telegram,social,promo,"2023-06-29",2
telegram,cpm,base,"2023-06-29",1
telegram,cpp,dod-frontend,"2023-06-29",1
telegram,social,dod-professions,"2023-06-29",1
partners,cpm,all,"2023-06-29",1
vk,cpc,prof-data-analytics,"2023-06-29",1
partners,cpm,prof-data-analytics,"2023-06-29",1
vk,social,prof-data-analyst,"2023-06-29",1
facebook,cpm,freemium-en,"2023-06-29",1
admitad,cpc,"442763","2023-06-29",1
vk-senler,cpc,dod-frontend,"2023-06-29",1
timepad,cpp,base-frontend,"2023-06-29",1
twitter.com,social,chto-napisat-v-soprovoditelnom-pisme-i,"2023-06-29",1
telegram,social,analitik-dannyh,"2023-06-29",1
twitter,social,hexlet-blog,"2023-06-29",1
vk,social,unpack,"2023-06-29",1
vk,cpc,freemium,"2023-06-29",1
instagram,social,prof-python,"2023-06-29",1
telegram,cpp,prof-frontend,"2023-06-29",1
go.mail.ru,organic,,"2023-06-29",1
instagram,social,hexlet-blog,"2023-06-29",1
telegram,cpp,dod-data-analytics,"2023-06-29",1
organic,organic,,"2023-06-30",1068
google,organic,,"2023-06-30",777
yandex,cpc,freemium,"2023-06-30",200
yandex,cpc,prof-python,"2023-06-30",179
yandex,cpc,prof-frontend,"2023-06-30",165
yandex,cpc,prof-java,"2023-06-30",125
yandex,cpc,base-python,"2023-06-30",77
admitad,cpa,admitad,"2023-06-30",71
yandex,cpc,base-java,"2023-06-30",64
bing.com,organic,,"2023-06-30",47
yandex,cpc,prof-professions-brand,"2023-06-30",43
yandex,cpc,prof-data-analytics,"2023-06-30",37
yandex,cpc,base-frontend,"2023-06-30",37
telegram,cpp,base-java,"2023-06-30",30
yandex,cpc,dod-frontend,"2023-06-30",20
yandex,cpc,prof-professions-retarget,"2023-06-30",19
vk-senler,cpc,freemium,"2023-06-30",16
telegram,social,hexlet-blog,"2023-06-30",16
vk-senler,cpc,base-python,"2023-06-30",15
vk,cpc,prof-java,"2023-06-30",14
telegram,cpp,base-frontend,"2023-06-30",13
telegram,cpp,base-python,"2023-06-30",13
vk,cpc,freemium-python,"2023-06-30",12
yandex,cpc,dod-professions,"2023-06-30",12
vk,cpc,freemium-frontend,"2023-06-30",8
telegram,cpp,prof-java,"2023-06-30",8
yandex,cpc,dod-java,"2023-06-30",8
yandex,cpc,dod-python-java,"2023-06-30",7
vk,cpc,prof-python,"2023-06-30",7
telegram,cpp,prof-python,"2023-06-30",7
vk,social,base-frontend,"2023-06-30",6
vk,cpc,prof-frontend,"2023-06-30",6
vk,cpp,base-java,"2023-06-30",6
yandex,cpc,dod-qa,"2023-06-30",5
yandex,cpc,base-professions-retarget,"2023-06-30",5
yandex,cpc,dod-php,"2023-06-30",5
vk,social,base-java,"2023-06-30",4
vk,cpc,freemium-java,"2023-06-30",4
facebook,social,hexlet-blog,"2023-06-30",3
vk,cpp,intensive-python,"2023-06-30",3
vk,cpc,base-python,"2023-06-30",3
vk,social,base-python,"2023-06-30",2
vk,social,prof-python,"2023-06-30",2
vk,social,hexlet,"2023-06-30",2
vk,social,all-courses,"2023-06-30",2
vk,social,general,"2023-06-30",2
twitter,social,promo,"2023-06-30",2
vk,cpp,base-frontend,"2023-06-30",2
telegram,social,ni-dlya-kogo-ne-sekret--chto-iz-knig-mozhno,"2023-06-30",1
telegram,social,course_completed,"2023-06-30",1
yandex.com,organic,,"2023-06-30",1
rutube,social,all-courses,"2023-06-30",1
telegram,cpp,dod-java,"2023-06-30",1
telegram.me,social,neobhodimyy-minimum-linux-dlya-produktivn,"2023-06-30",1
vkontakte,social,button-vk,"2023-06-30",1
facebook,cpc,freemium,"2023-06-30",1
vk,cpp,dod-qa,"2023-06-30",1
vk,cpc,frontend,"2023-06-30",1
vk,cpc,yaintern,"2023-06-30",1
admitad,cpc,"183258","2023-06-30",1
social,youtube,php-open-lesson-260321,"2023-06-30",1
baidu.com,organic,,"2023-06-30",1
partners,cpm,prof-data-analytics,"2023-06-30",1
zen,social,prof-frontend,"2023-06-30",1
telegram,social,dod-professions,"2023-06-30",1
tg,social,internship_summer23,"2023-06-30",1
