"source","medium","week_of_june","visitors_count"
google,organic,"1 –Ω–µ–¥–µ–ª—è",27385
organic,organic,"1 –Ω–µ–¥–µ–ª—è",8427
vk,paid,"1 –Ω–µ–¥–µ–ª—è",8242
telegram,paid,"1 –Ω–µ–¥–µ–ª—è",586
tproger,paid,"1 –Ω–µ–¥–µ–ª—è",496
yandex,paid,"1 –Ω–µ–¥–µ–ª—è",469
admitad,paid,"1 –Ω–µ–¥–µ–ª—è",399
bing.com,organic,"1 –Ω–µ–¥–µ–ª—è",260
vk-senler,paid,"1 –Ω–µ–¥–µ–ª—è",116
zen,paid,"1 –Ω–µ–¥–µ–ª—è",45
yandex.com,organic,"1 –Ω–µ–¥–µ–ª—è",23
baidu.com,organic,"1 –Ω–µ–¥–µ–ª—è",21
twitter,paid,"1 –Ω–µ–¥–µ–ª—è",14
Yandex,paid,"1 –Ω–µ–¥–µ–ª—è",8
google,paid,"1 –Ω–µ–¥–µ–ª—è",8
vc,paid,"1 –Ω–µ–¥–µ–ª—è",7
instagram,paid,"1 –Ω–µ–¥–µ–ª—è",7
facebook,paid,"1 –Ω–µ–¥–µ–ª—è",6
yandex-direct,paid,"1 –Ω–µ–¥–µ–ª—è",6
go.mail.ru,organic,"1 –Ω–µ–¥–µ–ª—è",2
twitter.com,paid,"1 –Ω–µ–¥–µ–ª—è",2
botmother,paid,"1 –Ω–µ–¥–µ–ª—è",2
slack,paid,"1 –Ω–µ–¥–µ–ª—è",1
search.ukr.net,organic,"1 –Ω–µ–¥–µ–ª—è",1
telegram.me,paid,"1 –Ω–µ–¥–µ–ª—è",1
public,paid,"1 –Ω–µ–¥–µ–ª—è",1
podcast,paid,"1 –Ω–µ–¥–µ–ª—è",1
partners,paid,"1 –Ω–µ–¥–µ–ª—è",1
vkontakte,paid,"1 –Ω–µ–¥–µ–ª—è",1
mytarget,paid,"1 –Ω–µ–¥–µ–ª—è",1
tg,paid,"1 –Ω–µ–¥–µ–ª—è",1
telegram –≠—Ç–æ—Ç –∫—É—Ä—Å –ø–æ–±–µ–∂–¥—ë–Ω! üí™üí™üí™ –ë—ã–ª–æ –∫—Ä—É—Ç–æ! üöÄ,paid,"1 –Ω–µ–¥–µ–ª—è",1
dzen,paid,"1 –Ω–µ–¥–µ–ª—è",1
vk.com,paid,"1 –Ω–µ–¥–µ–ª—è",1
google,organic,"2 –Ω–µ–¥–µ–ª—è",27083
organic,organic,"2 –Ω–µ–¥–µ–ª—è",8926
vk,paid,"2 –Ω–µ–¥–µ–ª—è",6429
yandex,paid,"2 –Ω–µ–¥–µ–ª—è",1690
admitad,paid,"2 –Ω–µ–¥–µ–ª—è",358
telegram,paid,"2 –Ω–µ–¥–µ–ª—è",296
bing.com,organic,"2 –Ω–µ–¥–µ–ª—è",286
timepad,paid,"2 –Ω–µ–¥–µ–ª—è",136
vk-senler,paid,"2 –Ω–µ–¥–µ–ª—è",122
baidu.com,organic,"2 –Ω–µ–¥–µ–ª—è",29
tproger,paid,"2 –Ω–µ–¥–µ–ª—è",18
yandex.com,organic,"2 –Ω–µ–¥–µ–ª—è",14
facebook,paid,"2 –Ω–µ–¥–µ–ª—è",9
twitter,paid,"2 –Ω–µ–¥–µ–ª—è",9
vc,paid,"2 –Ω–µ–¥–µ–ª—è",8
zen,paid,"2 –Ω–µ–¥–µ–ª—è",7
google,paid,"2 –Ω–µ–¥–µ–ª—è",5
go.mail.ru,organic,"2 –Ω–µ–¥–µ–ª—è",5
Yandex,paid,"2 –Ω–µ–¥–µ–ª—è",4
telegram.me,paid,"2 –Ω–µ–¥–µ–ª—è",3
yandex-direct,paid,"2 –Ω–µ–¥–µ–ª—è",2
facebook.com,paid,"2 –Ω–µ–¥–µ–ª—è",2
mytarget,paid,"2 –Ω–µ–¥–µ–ª—è",2
instagram,paid,"2 –Ω–µ–¥–µ–ª—è",2
search.ukr.net,organic,"2 –Ω–µ–¥–µ–ª—è",2
telegram –≠—Ç–æ—Ç –∫—É—Ä—Å –ø–æ–±–µ–∂–¥—ë–Ω! üí™üí™üí™ –ë—ã–ª–æ –∫—Ä—É—Ç–æ! üöÄ,paid,"2 –Ω–µ–¥–µ–ª—è",1
rutube,paid,"2 –Ω–µ–¥–µ–ª—è",1
tg,paid,"2 –Ω–µ–¥–µ–ª—è",1
social,paid,"2 –Ω–µ–¥–µ–ª—è",1
dzen,paid,"2 –Ω–µ–¥–µ–ª—è",1
google,organic,"3 –Ω–µ–¥–µ–ª—è",24012
organic,organic,"3 –Ω–µ–¥–µ–ª—è",7960
yandex,paid,"3 –Ω–µ–¥–µ–ª—è",6970
vk,paid,"3 –Ω–µ–¥–µ–ª—è",486
admitad,paid,"3 –Ω–µ–¥–µ–ª—è",392
bing.com,organic,"3 –Ω–µ–¥–µ–ª—è",242
telegram,paid,"3 –Ω–µ–¥–µ–ª—è",196
vk-senler,paid,"3 –Ω–µ–¥–µ–ª—è",119
instagram,paid,"3 –Ω–µ–¥–µ–ª—è",43
yandex.com,organic,"3 –Ω–µ–¥–µ–ª—è",18
twitter,paid,"3 –Ω–µ–¥–µ–ª—è",16
zen,paid,"3 –Ω–µ–¥–µ–ª—è",10
Yandex,paid,"3 –Ω–µ–¥–µ–ª—è",10
baidu.com,organic,"3 –Ω–µ–¥–µ–ª—è",9
timepad,paid,"3 –Ω–µ–¥–µ–ª—è",8
yandex-direct,paid,"3 –Ω–µ–¥–µ–ª—è",6
dzen,paid,"3 –Ω–µ–¥–µ–ª—è",5
facebook,paid,"3 –Ω–µ–¥–µ–ª—è",5
twitter.com,paid,"3 –Ω–µ–¥–µ–ª—è",5
vc,paid,"3 –Ω–µ–¥–µ–ª—è",5
go.mail.ru,organic,"3 –Ω–µ–¥–µ–ª—è",4
vkontakte,paid,"3 –Ω–µ–¥–µ–ª—è",2
slack,paid,"3 –Ω–µ–¥–µ–ª—è",2
vk.com,paid,"3 –Ω–µ–¥–µ–ª—è",1
partners,paid,"3 –Ω–µ–¥–µ–ª—è",1
tg,paid,"3 –Ω–µ–¥–µ–ª—è",1
vk-group,paid,"3 –Ω–µ–¥–µ–ª—è",1
telegram –≠—Ç–æ—Ç –∫—É—Ä—Å –ø–æ–±–µ–∂–¥—ë–Ω! üí™üí™üí™ –ë—ã–ª–æ –∫—Ä—É—Ç–æ! üöÄ,paid,"3 –Ω–µ–¥–µ–ª—è",1
podcast,paid,"3 –Ω–µ–¥–µ–ª—è",1
search.ukr.net,organic,"3 –Ω–µ–¥–µ–ª—è",1
zen_from_telegram,paid,"3 –Ω–µ–¥–µ–ª—è",1
google,organic,"4 –Ω–µ–¥–µ–ª—è",28080
organic,organic,"4 –Ω–µ–¥–µ–ª—è",8357
yandex,paid,"4 –Ω–µ–¥–µ–ª—è",7338
vk,paid,"4 –Ω–µ–¥–µ–ª—è",588
telegram,paid,"4 –Ω–µ–¥–µ–ª—è",511
admitad,paid,"4 –Ω–µ–¥–µ–ª—è",431
bing.com,organic,"4 –Ω–µ–¥–µ–ª—è",228
vk-senler,paid,"4 –Ω–µ–¥–µ–ª—è",99
facebook,paid,"4 –Ω–µ–¥–µ–ª—è",18
yandex.com,organic,"4 –Ω–µ–¥–µ–ª—è",15
baidu.com,organic,"4 –Ω–µ–¥–µ–ª—è",13
twitter,paid,"4 –Ω–µ–¥–µ–ª—è",12
instagram,paid,"4 –Ω–µ–¥–µ–ª—è",10
zen,paid,"4 –Ω–µ–¥–µ–ª—è",9
timepad,paid,"4 –Ω–µ–¥–µ–ª—è",7
dzen,paid,"4 –Ω–µ–¥–µ–ª—è",5
yandex-direct,paid,"4 –Ω–µ–¥–µ–ª—è",3
go.mail.ru,organic,"4 –Ω–µ–¥–µ–ª—è",3
partners,paid,"4 –Ω–µ–¥–µ–ª—è",3
Yandex,paid,"4 –Ω–µ–¥–µ–ª—è",2
tg,paid,"4 –Ω–µ–¥–µ–ª—è",2
telegram.me,paid,"4 –Ω–µ–¥–µ–ª—è",2
mytarget,paid,"4 –Ω–µ–¥–µ–ª—è",2
search.ukr.net,organic,"4 –Ω–µ–¥–µ–ª—è",2
podcast,paid,"4 –Ω–µ–¥–µ–ª—è",2
zen_from_telegram,paid,"4 –Ω–µ–¥–µ–ª—è",1
vk-group,paid,"4 –Ω–µ–¥–µ–ª—è",1
vkontakte,paid,"4 –Ω–µ–¥–µ–ª—è",1
google,organic,"5 –Ω–µ–¥–µ–ª—è (2 –¥–Ω—è)",6611
organic,organic,"5 –Ω–µ–¥–µ–ª—è (2 –¥–Ω—è)",2101
yandex,paid,"5 –Ω–µ–¥–µ–ª—è (2 –¥–Ω—è)",2002
telegram,paid,"5 –Ω–µ–¥–µ–ª—è (2 –¥–Ω—è)",196
vk,paid,"5 –Ω–µ–¥–µ–ª—è (2 –¥–Ω—è)",176
admitad,paid,"5 –Ω–µ–¥–µ–ª—è (2 –¥–Ω—è)",129
vk-senler,paid,"5 –Ω–µ–¥–µ–ª—è (2 –¥–Ω—è)",97
bing.com,organic,"5 –Ω–µ–¥–µ–ª—è (2 –¥–Ω—è)",79
facebook,paid,"5 –Ω–µ–¥–µ–ª—è (2 –¥–Ω—è)",5
yandex.com,organic,"5 –Ω–µ–¥–µ–ª—è (2 –¥–Ω—è)",4
twitter,paid,"5 –Ω–µ–¥–µ–ª—è (2 –¥–Ω—è)",3
partners,paid,"5 –Ω–µ–¥–µ–ª—è (2 –¥–Ω—è)",2
instagram,paid,"5 –Ω–µ–¥–µ–ª—è (2 –¥–Ω—è)",2
vc,paid,"5 –Ω–µ–¥–µ–ª—è (2 –¥–Ω—è)",2
go.mail.ru,organic,"5 –Ω–µ–¥–µ–ª—è (2 –¥–Ω—è)",1
telegram.me,paid,"5 –Ω–µ–¥–µ–ª—è (2 –¥–Ω—è)",1
rutube,paid,"5 –Ω–µ–¥–µ–ª—è (2 –¥–Ω—è)",1
social,paid,"5 –Ω–µ–¥–µ–ª—è (2 –¥–Ω—è)",1
tg,paid,"5 –Ω–µ–¥–µ–ª—è (2 –¥–Ω—è)",1
timepad,paid,"5 –Ω–µ–¥–µ–ª—è (2 –¥–Ω—è)",1
baidu.com,organic,"5 –Ω–µ–¥–µ–ª—è (2 –¥–Ω—è)",1
zen,paid,"5 –Ω–µ–¥–µ–ª—è (2 –¥–Ω—è)",1
twitter.com,paid,"5 –Ω–µ–¥–µ–ª—è (2 –¥–Ω—è)",1
vkontakte,paid,"5 –Ω–µ–¥–µ–ª—è (2 –¥–Ω—è)",1
