"source","medium","campaign","week_of_june","visitors_count"
google,organic,,"1 –Ω–µ–¥–µ–ª—è",27385
organic,organic,,"1 –Ω–µ–¥–µ–ª—è",8427
vk,cpc,prof-python,"1 –Ω–µ–¥–µ–ª—è",1319
vk,cpc,freemium-frontend,"1 –Ω–µ–¥–µ–ª—è",1308
vk,cpc,prof-java,"1 –Ω–µ–¥–µ–ª—è",1203
vk,cpc,prof-data-analytics,"1 –Ω–µ–¥–µ–ª—è",956
vk,cpc,freemium-java,"1 –Ω–µ–¥–µ–ª—è",925
vk,cpc,freemium-python,"1 –Ω–µ–¥–µ–ª—è",818
vk,cpc,base-python,"1 –Ω–µ–¥–µ–ª—è",814
vk,cpc,prof-frontend,"1 –Ω–µ–¥–µ–ª—è",700
tproger,cpc,dod-frontend,"1 –Ω–µ–¥–µ–ª—è",496
admitad,cpa,admitad,"1 –Ω–µ–¥–µ–ª—è",395
bing.com,organic,,"1 –Ω–µ–¥–µ–ª—è",260
telegram,cpp,base-python,"1 –Ω–µ–¥–µ–ª—è",194
telegram,cpp,base-frontend,"1 –Ω–µ–¥–µ–ª—è",147
yandex,cpc,freemium,"1 –Ω–µ–¥–µ–ª—è",130
telegram,cpp,base-java,"1 –Ω–µ–¥–µ–ª—è",111
vk,cpm,prof-data-analytics,"1 –Ω–µ–¥–µ–ª—è",110
vk-senler,cpc,freemium,"1 –Ω–µ–¥–µ–ª—è",99
yandex,cpc,prof-frontend,"1 –Ω–µ–¥–µ–ª—è",96
yandex,cpc,prof-python,"1 –Ω–µ–¥–µ–ª—è",82
yandex,cpc,prof-java,"1 –Ω–µ–¥–µ–ª—è",61
yandex,cpc,base-frontend,"1 –Ω–µ–¥–µ–ª—è",54
yandex,cpc,base-python,"1 –Ω–µ–¥–µ–ª—è",37
telegram,cpp,dod-java,"1 –Ω–µ–¥–µ–ª—è",35
yandex,cpc,base-java,"1 –Ω–µ–¥–µ–ª—è",26
yandex,cpc,prof-professions-brand,"1 –Ω–µ–¥–µ–ª—è",24
yandex.com,organic,,"1 –Ω–µ–¥–µ–ª—è",23
vk,cpm,prof-frontend,"1 –Ω–µ–¥–µ–ª—è",22
baidu.com,organic,,"1 –Ω–µ–¥–µ–ª—è",21
vk,cpp,dod-php,"1 –Ω–µ–¥–µ–ª—è",20
vk,social,hexlet-blog,"1 –Ω–µ–¥–µ–ª—è",19
vk,social,base-python,"1 –Ω–µ–¥–µ–ª—è",17
vk,cpp,base-frontend,"1 –Ω–µ–¥–µ–ª—è",17
telegram,cpp,prof-java,"1 –Ω–µ–¥–µ–ª—è",17
yandex,cpc,prof-data-analytics,"1 –Ω–µ–¥–µ–ª—è",17
telegram,cpp,prof-python,"1 –Ω–µ–¥–µ–ª—è",16
yandex,cpc,prof-professions-retarget,"1 –Ω–µ–¥–µ–ª—è",15
zen,social,hexlet-blog,"1 –Ω–µ–¥–µ–ª—è",15
vk-senler,cpc,dod-php,"1 –Ω–µ–¥–µ–ª—è",14
vk,social,base-java,"1 –Ω–µ–¥–µ–ª—è",14
zen,social,promo,"1 –Ω–µ–¥–µ–ª—è",13
telegram,social,course_completed,"1 –Ω–µ–¥–µ–ª—è",13
telegram,cpp,dod-php,"1 –Ω–µ–¥–µ–ª—è",12
vk,social,all-courses,"1 –Ω–µ–¥–µ–ª—è",12
zen,social,prof-frontend,"1 –Ω–µ–¥–µ–ª—è",12
telegram,cpp,prof-frontend,"1 –Ω–µ–¥–µ–ª—è",10
yandex,cpc,dod-frontend,"1 –Ω–µ–¥–µ–ª—è",10
vk,social,general,"1 –Ω–µ–¥–µ–ª—è",9
google,cpc,frontend,"1 –Ω–µ–¥–µ–ª—è",8
telegram,social,hexlet-blog,"1 –Ω–µ–¥–µ–ª—è",8
yandex,cpc,dod-professions,"1 –Ω–µ–¥–µ–ª—è",7
yandex,cpc,dod-java,"1 –Ω–µ–¥–µ–ª—è",6
yandex,cpc,dod-php,"1 –Ω–µ–¥–µ–ª—è",6
twitter,social,hexlet-blog,"1 –Ω–µ–¥–µ–ª—è",6
vk,social,prof-frontend,"1 –Ω–µ–¥–µ–ª—è",6
yandex,cpc,dod-python-java,"1 –Ω–µ–¥–µ–ª—è",5
vk,cpc,freemium,"1 –Ω–µ–¥–µ–ª—è",4
vk,social,prof-python,"1 –Ω–µ–¥–µ–ª—è",4
vk,social,dod-php,"1 –Ω–µ–¥–µ–ª—è",4
zen,social,prof-backend,"1 –Ω–µ–¥–µ–ª—è",4
vc,cpp,dod-php,"1 –Ω–µ–¥–µ–ª—è",4
vc,cpp,dod-frontend,"1 –Ω–µ–¥–µ–ª—è",4
yandex,cpc,base-professions-retarget,"1 –Ω–µ–¥–µ–ª—è",4
twitter,social,devushki_v_it,"1 –Ω–µ–¥–µ–ª—è",3
vk,social,base-frontend,"1 –Ω–µ–¥–µ–ª—è",3
twitter,social,promo,"1 –Ω–µ–¥–µ–ª—è",3
telegram,social,promo,"1 –Ω–µ–¥–µ–ª—è",3
vk,social,course_completed,"1 –Ω–µ–¥–µ–ª—è",3
twitter,social,course_completed,"1 –Ω–µ–¥–µ–ª—è",2
telegram,social,,"1 –Ω–µ–¥–µ–ª—è",2
go.mail.ru,organic,,"1 –Ω–µ–¥–µ–ª—è",2
vk,social,dod-professions,"1 –Ω–µ–¥–µ–ª—è",2
vk,cpp,intensive-python,"1 –Ω–µ–¥–µ–ª—è",2
botmother,tg,frontend,"1 –Ω–µ–¥–µ–ª—è",2
telegram,cpp,intensive-python,"1 –Ω–µ–¥–µ–ª—è",2
vk,social,hexlet.io/my,"1 –Ω–µ–¥–µ–ª—è",2
admitad,cpc,"183258","1 –Ω–µ–¥–µ–ª—è",2
instagram,social,hexlet-blog,"1 –Ω–µ–¥–µ–ª—è",2
facebook,cpm,freemium-en,"1 –Ω–µ–¥–µ–ª—è",2
vk,social,promo,"1 –Ω–µ–¥–µ–ª—è",2
telegram,cpm,java,"1 –Ω–µ–¥–µ–ª—è",2
search.ukr.net,organic,,"1 –Ω–µ–¥–µ–ª—è",1
telegram,social,glavnye-instrumenty--servisy-i-podhody,"1 –Ω–µ–¥–µ–ª—è",1
yandex-direct,cpc,"16645437","1 –Ω–µ–¥–µ–ª—è",1
tg,social,newdirections,"1 –Ω–µ–¥–µ–ª—è",1
telegram.me,social,vsyo--chto-nuzhno-znat--chtoby-spat-kachest,"1 –Ω–µ–¥–µ–ª—è",1
telegram.me,social,voshozhdenie-po-beskonechnoy-lestnitse-abst,"1 –Ω–µ–¥–µ–ª—è",1
telegram.me,social,pochemu-funktsiya-vozvraschaet-rezultat--p,"1 –Ω–µ–¥–µ–ª—è",1
telegram.me,social,neobhodimyy-minimum-linux-dlya-produktivn,"1 –Ω–µ–¥–µ–ª—è",1
telegram,social,kak_gumanitariyu_popast-v_it,"1 –Ω–µ–¥–µ–ª—è",1
yandex-direct,cpc,"08062768","1 –Ω–µ–¥–µ–ª—è",1
Yandex,cpc,"02284027","1 –Ω–µ–¥–µ–ª—è",1
telegram,social,mdtrue*studenty-mnogih-onlayn-kursov-p,"1 –Ω–µ–¥–µ–ª—è",1
telegram.me,social,kognitivnye-iskazheniya-v-programmirovanii,"1 –Ω–µ–¥–µ–ª—è",1
telegram,social,mdtruena-hekslete-poyavilsya-esche-odin-no,"1 –Ω–µ–¥–µ–ª—è",1
telegram.me,social,kogda-to-ya-poobeschal-napisat-prodolzhenie,"1 –Ω–µ–¥–µ–ª—è",1
telegram.me,social,kak-rabotaet-npm-install-i-npm-update-v,"1 –Ω–µ–¥–µ–ª—è",1
telegram.me,social,"7-tipichnyh-oshibok-imenovaniya-peremennyh","1 –Ω–µ–¥–µ–ª—è",1
telegram –≠—Ç–æ—Ç –∫—É—Ä—Å –ø–æ–±–µ–∂–¥—ë–Ω! üí™üí™üí™ –ë—ã–ª–æ –∫—Ä—É—Ç–æ! üöÄ,social,course_completed,"1 –Ω–µ–¥–µ–ª—è",1
telegram,social,webinars,"1 –Ω–µ–¥–µ–ª—è",1
telegram,social,special,"1 –Ω–µ–¥–µ–ª—è",1
admitad,cpc,"442763","1 –Ω–µ–¥–µ–ª—è",1
Yandex,cpc,"03997128","1 –Ω–µ–¥–µ–ª—è",1
dzen,social,dzen_post,"1 –Ω–µ–¥–µ–ª—è",1
facebook,cpc,frontend,"1 –Ω–µ–¥–µ–ª—è",1
facebook,cpc,python,"1 –Ω–µ–¥–µ–ª—è",1
Yandex,cpc,"55670133","1 –Ω–µ–¥–µ–ª—è",1
Yandex,cpc,"59988739","1 –Ω–µ–¥–µ–ª—è",1
facebook,social,course_completed,"1 –Ω–µ–¥–µ–ª—è",1
Yandex,cpc,"67652027","1 –Ω–µ–¥–µ–ª—è",1
facebook,social,learn-to-program-at-30,"1 –Ω–µ–¥–µ–ª—è",1
zen,social,all-courses,"1 –Ω–µ–¥–µ–ª—è",1
instagram,social,all-courses,"1 –Ω–µ–¥–µ–ª—è",1
vkontakte,social,button-vk,"1 –Ω–µ–¥–µ–ª—è",1
vk.com,social,na-hekslete-poyavilas-novaya-professiya-v,"1 –Ω–µ–¥–µ–ª—è",1
instagram,social,base-php,"1 –Ω–µ–¥–µ–ª—è",1
vk-senler,cpc,dod-professions,"1 –Ω–µ–¥–µ–ª—è",1
vk-senler,cpc,dod-frontend,"1 –Ω–µ–¥–µ–ª—è",1
vk-senler,cpc,base-frontend,"1 –Ω–µ–¥–µ–ª—è",1
vk,social,reshenie-zadach--horoshiy-sposob-zakrepit,"1 –Ω–µ–¥–µ–ª—è",1
instagram,social,prof-data-analyst,"1 –Ω–µ–¥–µ–ª—è",1
vk,social,prof-rails,"1 –Ω–µ–¥–µ–ª—è",1
vk,social,prof-qa,"1 –Ω–µ–¥–µ–ª—è",1
instagram,social,prof-php,"1 –Ω–µ–¥–µ–ª—è",1
vk,social,prof-data-analytics,"1 –Ω–µ–¥–µ–ª—è",1
vk,social,prof-data-analyst,"1 –Ω–µ–¥–µ–ª—è",1
instagram,social,prof-python,"1 –Ω–µ–¥–µ–ª—è",1
vk,social,planiruy-uchebu--fokusiruysya-na-protsesse,"1 –Ω–µ–¥–µ–ª—è",1
vk,social,kak-dzhunu-napisat-soprovoditelnoe-pis,"1 –Ω–µ–¥–µ–ª—è",1
vk,social,hexlet,"1 –Ω–µ–¥–µ–ª—è",1
instagram,social,taplink,"1 –Ω–µ–¥–µ–ª—è",1
mytarget,cpc,retarget,"1 –Ω–µ–¥–µ–ª—è",1
vk,social,dod-java,"1 –Ω–µ–¥–µ–ª—è",1
partners,cpc,prof-python,"1 –Ω–µ–¥–µ–ª—è",1
vk,social,dod-frontend,"1 –Ω–µ–¥–µ–ª—è",1
podcast,social,unpack,"1 –Ω–µ–¥–µ–ª—è",1
public,social,open_lectures23,"1 –Ω–µ–¥–µ–ª—è",1
yandex-direct,cpm,"00788899","1 –Ω–µ–¥–µ–ª—è",1
slack,social,base_alg,"1 –Ω–µ–¥–µ–ª—è",1
Yandex,cpm,"01097402","1 –Ω–µ–¥–µ–ª—è",1
telegram,cpm,base,"1 –Ω–µ–¥–µ–ª—è",1
telegram,cpm,base_java,"1 –Ω–µ–¥–µ–ª—è",1
yandex-direct,cpc,"68583881","1 –Ω–µ–¥–µ–ª—è",1
vk,cpp,dod-frontend,"1 –Ω–µ–¥–µ–ª—è",1
Yandex,cpc,"16951197","1 –Ω–µ–¥–µ–ª—è",1
telegram,cpm,frontend,"1 –Ω–µ–¥–µ–ª—è",1
yandex-direct,cpc,"51752512","1 –Ω–µ–¥–µ–ª—è",1
vk,cpm,java,"1 –Ω–µ–¥–µ–ª—è",1
telegram,cpm,python,"1 –Ω–µ–¥–µ–ª—è",1
vk,cpm,base,"1 –Ω–µ–¥–µ–ª—è",1
vk,cpc,python,"1 –Ω–µ–¥–µ–ª—è",1
vk,cpc,prof-qa,"1 –Ω–µ–¥–µ–ª—è",1
telegram,cpp,base-php,"1 –Ω–µ–¥–µ–ª—è",1
telegram,cpp,dod-frontend,"1 –Ω–µ–¥–µ–ª—è",1
vk,cpc,php,"1 –Ω–µ–¥–µ–ª—è",1
vk,cpc,frontend,"1 –Ω–µ–¥–µ–ª—è",1
telegram,cpp,dod-professions,"1 –Ω–µ–¥–µ–ª—è",1
Yandex,cpm,"94599791","1 –Ω–µ–¥–µ–ª—è",1
telegram,cpp,prof-data-analytics,"1 –Ω–µ–¥–µ–ª—è",1
admitad,cpa,"442763","1 –Ω–µ–¥–µ–ª—è",1
vk,cpc,base,"1 –Ω–µ–¥–µ–ª—è",1
telegram,cpp,prof-php,"1 –Ω–µ–¥–µ–ª—è",1
twitter.com,social,svezhiy-vzglyad-na-prohozhdenie-proektov-ot,"1 –Ω–µ–¥–µ–ª—è",1
twitter.com,social,buffer,"1 –Ω–µ–¥–µ–ª—è",1
twitter,social,my-to--chto-my-skrollim-kak-programmistu,"1 –Ω–µ–¥–µ–ª—è",1
yandex-direct,cpc,"34668848","1 –Ω–µ–¥–µ–ª—è",1
telegram,social,base-java,"1 –Ω–µ–¥–µ–ª—è",1
telegram,social,base-python,"1 –Ω–µ–¥–µ–ª—è",1
google,organic,,"2 –Ω–µ–¥–µ–ª—è",27083
organic,organic,,"2 –Ω–µ–¥–µ–ª—è",8926
vk,cpc,prof-python,"2 –Ω–µ–¥–µ–ª—è",1002
vk,cpc,freemium-frontend,"2 –Ω–µ–¥–µ–ª—è",1000
vk,cpc,prof-java,"2 –Ω–µ–¥–µ–ª—è",853
vk,cpc,prof-data-analytics,"2 –Ω–µ–¥–µ–ª—è",801
vk,cpc,freemium-python,"2 –Ω–µ–¥–µ–ª—è",669
vk,cpc,freemium-java,"2 –Ω–µ–¥–µ–ª—è",657
vk,cpc,base-python,"2 –Ω–µ–¥–µ–ª—è",614
vk,cpc,prof-frontend,"2 –Ω–µ–¥–µ–ª—è",610
admitad,cpa,admitad,"2 –Ω–µ–¥–µ–ª—è",357
yandex,cpc,freemium,"2 –Ω–µ–¥–µ–ª—è",353
bing.com,organic,,"2 –Ω–µ–¥–µ–ª—è",286
yandex,cpc,prof-python,"2 –Ω–µ–¥–µ–ª—è",274
yandex,cpc,prof-frontend,"2 –Ω–µ–¥–µ–ª—è",270
yandex,cpc,prof-java,"2 –Ω–µ–¥–µ–ª—è",246
timepad,cpp,base-frontend,"2 –Ω–µ–¥–µ–ª—è",136
vk-senler,cpc,freemium,"2 –Ω–µ–¥–µ–ª—è",113
telegram,cpp,base-frontend,"2 –Ω–µ–¥–µ–ª—è",108
yandex,cpc,base-java,"2 –Ω–µ–¥–µ–ª—è",98
yandex,cpc,base-python,"2 –Ω–µ–¥–µ–ª—è",88
yandex,cpc,prof-professions-brand,"2 –Ω–µ–¥–µ–ª—è",82
vk,cpm,prof-data-analytics,"2 –Ω–µ–¥–µ–ª—è",72
yandex,cpc,base-frontend,"2 –Ω–µ–¥–µ–ª—è",71
telegram,cpp,prof-python,"2 –Ω–µ–¥–µ–ª—è",53
yandex,cpc,prof-data-analytics,"2 –Ω–µ–¥–µ–ª—è",49
yandex,cpc,prof-professions-retarget,"2 –Ω–µ–¥–µ–ª—è",45
vk,cpp,base-frontend,"2 –Ω–µ–¥–µ–ª—è",32
telegram,social,dod-professions,"2 –Ω–µ–¥–µ–ª—è",31
baidu.com,organic,,"2 –Ω–µ–¥–µ–ª—è",29
yandex,cpc,dod-frontend,"2 –Ω–µ–¥–µ–ª—è",25
vk,cpm,prof-frontend,"2 –Ω–µ–¥–µ–ª—è",24
yandex,cpc,dod-professions,"2 –Ω–µ–¥–µ–ª—è",24
telegram,cpp,base-python,"2 –Ω–µ–¥–µ–ª—è",20
telegram,cpp,prof-java,"2 –Ω–µ–¥–µ–ª—è",19
vk,cpp,dod-frontend,"2 –Ω–µ–¥–µ–ª—è",18
tproger,cpc,dod-frontend,"2 –Ω–µ–¥–µ–ª—è",18
yandex,cpc,dod-java,"2 –Ω–µ–¥–µ–ª—è",16
yandex,cpc,dod-python-java,"2 –Ω–µ–¥–µ–ª—è",16
yandex.com,organic,,"2 –Ω–µ–¥–µ–ª—è",14
vk,social,hexlet-blog,"2 –Ω–µ–¥–µ–ª—è",14
vk,social,base-python,"2 –Ω–µ–¥–µ–ª—è",13
telegram,cpp,base-java,"2 –Ω–µ–¥–µ–ª—è",13
yandex,cpc,base-professions-retarget,"2 –Ω–µ–¥–µ–ª—è",13
vk,social,all-courses,"2 –Ω–µ–¥–µ–ª—è",12
telegram,cpp,dod-frontend,"2 –Ω–µ–¥–µ–ª—è",12
vk,social,general,"2 –Ω–µ–¥–µ–ª—è",11
yandex,cpc,dod-php,"2 –Ω–µ–¥–µ–ª—è",11
telegram,cpp,prof-frontend,"2 –Ω–µ–¥–µ–ª—è",9
yandex,cpc,dod-qa,"2 –Ω–µ–¥–µ–ª—è",9
telegram,social,course_completed,"2 –Ω–µ–¥–µ–ª—è",8
telegram,social,hexlet-blog,"2 –Ω–µ–¥–µ–ª—è",7
vk,social,base-frontend,"2 –Ω–µ–¥–µ–ª—è",6
vk-senler,cpc,dod-frontend,"2 –Ω–µ–¥–µ–ª—è",6
vk,social,prof-python,"2 –Ω–µ–¥–µ–ª—è",5
telegram,social,promo,"2 –Ω–µ–¥–µ–ª—è",5
vc,cpp,dod-frontend,"2 –Ω–µ–¥–µ–ª—è",5
go.mail.ru,organic,,"2 –Ω–µ–¥–µ–ª—è",5
vk,social,base-java,"2 –Ω–µ–¥–µ–ª—è",4
vk,social,prof-rails,"2 –Ω–µ–¥–µ–ª—è",4
vk,social,dod-professions,"2 –Ω–µ–¥–µ–ª—è",4
telegram,cpp,dod-php,"2 –Ω–µ–¥–µ–ª—è",4
twitter,social,hexlet-blog,"2 –Ω–µ–¥–µ–ª—è",4
vk-senler,cpc,dod-professions,"2 –Ω–µ–¥–µ–ª—è",4
google,cpc,frontend,"2 –Ω–µ–¥–µ–ª—è",3
zen,social,all-courses,"2 –Ω–µ–¥–µ–ª—è",3
vc,cpp,dod-professions,"2 –Ω–µ–¥–µ–ª—è",3
vk,cpp,intensive-python,"2 –Ω–µ–¥–µ–ª—è",3
zen,social,hexlet-blog,"2 –Ω–µ–¥–µ–ª—è",2
twitter,social,devushki_v_it,"2 –Ω–µ–¥–µ–ª—è",2
vk,social,dod-frontend,"2 –Ω–µ–¥–µ–ª—è",2
telegram,social,mdtruehaskell--funktsionalnyy-yazyk,"2 –Ω–µ–¥–µ–ª—è",2
vk,social,promo,"2 –Ω–µ–¥–µ–ª—è",2
google,cpc,freemium,"2 –Ω–µ–¥–µ–ª—è",2
telegram,cpp,dod-java,"2 –Ω–µ–¥–µ–ª—è",2
vk,social,hexlet.io/my,"2 –Ω–µ–¥–µ–ª—è",2
twitter,social,promo,"2 –Ω–µ–¥–µ–ª—è",2
vk,social,dod-java,"2 –Ω–µ–¥–µ–ª—è",2
search.ukr.net,organic,,"2 –Ω–µ–¥–µ–ª—è",2
facebook,social,how-to-sleep,"2 –Ω–µ–¥–µ–ª—è",2
mytarget,cpc,freemium,"2 –Ω–µ–¥–µ–ª—è",2
vk,cpm,base,"2 –Ω–µ–¥–µ–ª—è",2
telegram,social,mdtrue*chtenie-chuzhogo-koda--odin-iz-o,"2 –Ω–µ–¥–µ–ª—è",1
Yandex,cpc,"42790821","2 –Ω–µ–¥–µ–ª—è",1
Yandex,cpc,"80100720","2 –Ω–µ–¥–µ–ª—è",1
Yandex,cpc,"87255026","2 –Ω–µ–¥–µ–ª—è",1
Yandex,cpm,"25530592","2 –Ω–µ–¥–µ–ª—è",1
admitad,cpc,"442763","2 –Ω–µ–¥–µ–ª—è",1
dzen,social,dzen-post,"2 –Ω–µ–¥–µ–ª—è",1
facebook,cpc,freemium.ua-by,"2 –Ω–µ–¥–µ–ª—è",1
facebook,cpc,python,"2 –Ω–µ–¥–µ–ª—è",1
facebook,cpm,freemium-en,"2 –Ω–µ–¥–µ–ª—è",1
facebook,social,course_completed,"2 –Ω–µ–¥–µ–ª—è",1
facebook,social,hexlet-blog,"2 –Ω–µ–¥–µ–ª—è",1
facebook,social,my-sozdali-kurs-osnovy-redis-pro-rabot,"2 –Ω–µ–¥–µ–ª—è",1
facebook,social,vorchanie-dedushki-kak-ya-v-69-let-uchu-python,"2 –Ω–µ–¥–µ–ª—è",1
facebook.com,social,buffer,"2 –Ω–µ–¥–µ–ª—è",1
facebook.com,social,mozhno-li-ustroitsya-na-rabotu-posle-heks,"2 –Ω–µ–¥–µ–ª—è",1
instagram,social,base-java,"2 –Ω–µ–¥–µ–ª—è",1
instagram,social,hexlet-blog,"2 –Ω–µ–¥–µ–ª—è",1
rutube,social,all-courses,"2 –Ω–µ–¥–µ–ª—è",1
social,youtube,chistie-funktsii,"2 –Ω–µ–¥–µ–ª—è",1
telegram,cpm,base_java,"2 –Ω–µ–¥–µ–ª—è",1
telegram,cpm,base_python,"2 –Ω–µ–¥–µ–ª—è",1
telegram,cpm,frontend,"2 –Ω–µ–¥–µ–ª—è",1
telegram,cpp,intensive-python,"2 –Ω–µ–¥–µ–ª—è",1
telegram,cpp,prof-data-analytics,"2 –Ω–µ–¥–µ–ª—è",1
telegram,social,avtor-napisal-etu-zametku--kogda-odin-iz,"2 –Ω–µ–¥–µ–ª—è",1
telegram,social,glavnye-instrumenty--servisy-i-podhody,"2 –Ω–µ–¥–µ–ª—è",1
telegram,social,igry--kotorye-pomogut-praktikovatsya-v-p,"2 –Ω–µ–¥–µ–ª—è",1
telegram,social,kak-gumanitariy-stal-bekend-razrabotchiko,"2 –Ω–µ–¥–µ–ª—è",1
telegram,social,mdtrue**razrabotchik-heksleta-andrey-m,"2 –Ω–µ–¥–µ–ª—è",1
telegram,social,my-znaem-dovolno-mnogo-o-strukturah-dan,"2 –Ω–µ–¥–µ–ª—è",1
telegram,social,nachinayuschie-razrabotchiki-chasto-zaglyadyvayu,"2 –Ω–µ–¥–µ–ª—è",1
telegram,social,navernyaka-vy-slyshali-mnenie--chto-podhod,"2 –Ω–µ–¥–µ–ª—è",1
telegram,social,oshibki-pri-samostoyatelnoy-podgotovke-k-resheniyu-algoritmicheskih-zadach-na-intervyu,"2 –Ω–µ–¥–µ–ª—è",1
telegram,social,privet--menya-zovut-dasha--mne-26-let.-ya,"2 –Ω–µ–¥–µ–ª—è",1
telegram,social,rabotay-bez-oglyadki-na-ogranicheniya-kak,"2 –Ω–µ–¥–µ–ª—è",1
telegram,social,svitch--ochen-prostaya-konstruktsiya--kotor,"2 –Ω–µ–¥–µ–ª—è",1
telegram,social,typescript,"2 –Ω–µ–¥–µ–ª—è",1
telegram,social,webinars,"2 –Ω–µ–¥–µ–ª—è",1
telegram,social,zabluditsya-v-tryoh-sosnah--no-vyyti-k-zv,"2 –Ω–µ–¥–µ–ª—è",1
telegram,social,,"2 –Ω–µ–¥–µ–ª—è",1
telegram –≠—Ç–æ—Ç –∫—É—Ä—Å –ø–æ–±–µ–∂–¥—ë–Ω! üí™üí™üí™ –ë—ã–ª–æ –∫—Ä—É—Ç–æ! üöÄ,social,course_completed,"2 –Ω–µ–¥–µ–ª—è",1
telegram.me,social,klassicheskaya-zadachka-fizzbuzz-na-hekslet,"2 –Ω–µ–¥–µ–ª—è",1
telegram.me,social,lyubite-chitat-knigi--nash-marketolog-nata,"2 –Ω–µ–¥–µ–ª—è",1
telegram.me,social,na-hekslet-poyavilis-novye-ispytaniya-v-k,"2 –Ω–µ–¥–µ–ª—è",1
telegram.me,social,printsipy-programmirovaniya-heksletahttp,"2 –Ω–µ–¥–µ–ª—è",1
tg,social,codecamp,"2 –Ω–µ–¥–µ–ª—è",1
twitter,social,"51-letniy-student-heksleta-dmitriy-rassk","2 –Ω–µ–¥–µ–ª—è",1
twitter,social,grokaem_algoritmy,"2 –Ω–µ–¥–µ–ª—è",1
vk,cpc,base,"2 –Ω–µ–¥–µ–ª—è",1
vk,cpc,dod-professions,"2 –Ω–µ–¥–µ–ª—è",1
vk,cpc,freemium,"2 –Ω–µ–¥–µ–ª—è",1
vk,cpc,frontend,"2 –Ω–µ–¥–µ–ª—è",1
vk,cpc,java,"2 –Ω–µ–¥–µ–ª—è",1
vk,cpc,php,"2 –Ω–µ–¥–µ–ª—è",1
vk,cpc,prof-php,"2 –Ω–µ–¥–µ–ª—è",1
vk,cpc,python,"2 –Ω–µ–¥–µ–ª—è",1
vk,cpc,yaintern,"2 –Ω–µ–¥–µ–ª—è",1
vk,cpm,base_python,"2 –Ω–µ–¥–µ–ª—è",1
vk,cpm,php,"2 –Ω–µ–¥–µ–ª—è",1
vk,cpp,dod-career,"2 –Ω–µ–¥–µ–ª—è",1
vk,cpp,dod-php,"2 –Ω–µ–¥–µ–ª—è",1
vk,cpp,dod-python-java,"2 –Ω–µ–¥–µ–ª—è",1
vk,social,dod-php,"2 –Ω–µ–¥–µ–ª—è",1
vk,social,english-soft,"2 –Ω–µ–¥–µ–ª—è",1
vk,social,prof-data-analyst,"2 –Ω–µ–¥–µ–ª—è",1
vk,social,prof-data-analytics,"2 –Ω–µ–¥–µ–ª—è",1
vk,social,reshenie-zadach--horoshiy-sposob-zakrepit,"2 –Ω–µ–¥–µ–ª—è",1
vk-senler,cpc,base-python,"2 –Ω–µ–¥–µ–ª—è",1
yandex-direct,cpc,"19183657","2 –Ω–µ–¥–µ–ª—è",1
yandex-direct,cpc,"96566756","2 –Ω–µ–¥–µ–ª—è",1
zen,social,hexlet,"2 –Ω–µ–¥–µ–ª—è",1
zen,social,prof-data-analytics,"2 –Ω–µ–¥–µ–ª—è",1
zen,social,prof-frontend,"2 –Ω–µ–¥–µ–ª—è",1
google,organic,,"3 –Ω–µ–¥–µ–ª—è",24012
organic,organic,,"3 –Ω–µ–¥–µ–ª—è",7960
yandex,cpc,freemium,"3 –Ω–µ–¥–µ–ª—è",1596
yandex,cpc,prof-python,"3 –Ω–µ–¥–µ–ª—è",1185
yandex,cpc,prof-frontend,"3 –Ω–µ–¥–µ–ª—è",1005
yandex,cpc,prof-java,"3 –Ω–µ–¥–µ–ª—è",872
yandex,cpc,base-java,"3 –Ω–µ–¥–µ–ª—è",402
admitad,cpa,admitad,"3 –Ω–µ–¥–µ–ª—è",389
yandex,cpc,base-python,"3 –Ω–µ–¥–µ–ª—è",368
yandex,cpc,prof-professions-brand,"3 –Ω–µ–¥–µ–ª—è",340
yandex,cpc,base-frontend,"3 –Ω–µ–¥–µ–ª—è",279
bing.com,organic,,"3 –Ω–µ–¥–µ–ª—è",242
yandex,cpc,prof-data-analytics,"3 –Ω–µ–¥–µ–ª—è",233
yandex,cpc,prof-professions-retarget,"3 –Ω–µ–¥–µ–ª—è",179
yandex,cpc,dod-frontend,"3 –Ω–µ–¥–µ–ª—è",127
vk-senler,cpc,freemium,"3 –Ω–µ–¥–µ–ª—è",109
yandex,cpc,dod-professions,"3 –Ω–µ–¥–µ–ª—è",105
vk,cpc,prof-python,"3 –Ω–µ–¥–µ–ª—è",82
vk,cpc,prof-data-analytics,"3 –Ω–µ–¥–µ–ª—è",72
yandex,cpc,dod-python-java,"3 –Ω–µ–¥–µ–ª—è",62
yandex,cpc,dod-java,"3 –Ω–µ–¥–µ–ª—è",59
telegram,cpp,base-frontend,"3 –Ω–µ–¥–µ–ª—è",57
yandex,cpc,base-professions-retarget,"3 –Ω–µ–¥–µ–ª—è",57
vk,cpc,prof-java,"3 –Ω–µ–¥–µ–ª—è",56
yandex,cpc,dod-php,"3 –Ω–µ–¥–µ–ª—è",52
yandex,cpc,dod-qa,"3 –Ω–µ–¥–µ–ª—è",49
vk,cpc,prof-frontend,"3 –Ω–µ–¥–µ–ª—è",48
vk,cpc,freemium-frontend,"3 –Ω–µ–¥–µ–ª—è",46
vk,cpc,freemium-python,"3 –Ω–µ–¥–µ–ª—è",45
vk,cpc,freemium-java,"3 –Ω–µ–¥–µ–ª—è",36
telegram,cpp,prof-python,"3 –Ω–µ–¥–µ–ª—è",27
telegram,cpp,prof-java,"3 –Ω–µ–¥–µ–ª—è",23
telegram,social,dod-professions,"3 –Ω–µ–¥–µ–ª—è",19
yandex.com,organic,,"3 –Ω–µ–¥–µ–ª—è",18
vk,social,dod-professions,"3 –Ω–µ–¥–µ–ª—è",18
vk,cpp,dod-python-java,"3 –Ω–µ–¥–µ–ª—è",17
telegram,cpp,base-java,"3 –Ω–µ–¥–µ–ª—è",15
vk,social,all-courses,"3 –Ω–µ–¥–µ–ª—è",12
instagram,social,base-frontend,"3 –Ω–µ–¥–µ–ª—è",10
vk,social,hexlet-blog,"3 –Ω–µ–¥–µ–ª—è",9
vk-senler,cpc,dod-professions,"3 –Ω–µ–¥–µ–ª—è",9
baidu.com,organic,,"3 –Ω–µ–¥–µ–ª—è",9
telegram,cpp,base-python,"3 –Ω–µ–¥–µ–ª—è",8
vk,social,general,"3 –Ω–µ–¥–µ–ª—è",8
timepad,cpp,base-frontend,"3 –Ω–µ–¥–µ–ª—è",8
vk,social,base-python,"3 –Ω–µ–¥–µ–ª—è",8
instagram,social,prof-frontend,"3 –Ω–µ–¥–µ–ª—è",8
vk,cpp,base-frontend,"3 –Ω–µ–¥–µ–ª—è",7
telegram,cpp,prof-frontend,"3 –Ω–µ–¥–µ–ª—è",7
telegram,social,course_completed,"3 –Ω–µ–¥–µ–ª—è",6
instagram,social,prof-qa-auto,"3 –Ω–µ–¥–µ–ª—è",6
vc,cpp,dod-professions,"3 –Ω–µ–¥–µ–ª—è",5
vk,social,prof-python,"3 –Ω–µ–¥–µ–ª—è",5
vk,cpp,dod-frontend,"3 –Ω–µ–¥–µ–ª—è",5
go.mail.ru,organic,,"3 –Ω–µ–¥–µ–ª—è",4
vk-senler,cpc,dod-frontend,"3 –Ω–µ–¥–µ–ª—è",4
twitter,social,hexlet-blog,"3 –Ω–µ–¥–µ–ª—è",4
zen,social,all-courses,"3 –Ω–µ–¥–µ–ª—è",4
instagram,social,prof-data-analytics,"3 –Ω–µ–¥–µ–ª—è",4
telegram,cpm,java,"3 –Ω–µ–¥–µ–ª—è",4
telegram,cpp,dod-java,"3 –Ω–µ–¥–µ–ª—è",4
vk,social,base-java,"3 –Ω–µ–¥–µ–ª—è",4
instagram,social,prof-qa,"3 –Ω–µ–¥–µ–ª—è",4
instagram,social,prof-backend,"3 –Ω–µ–¥–µ–ª—è",4
twitter.com,social,istorii-uspeha-nashih-uchenikov-i-vypuskni,"3 –Ω–µ–¥–µ–ª—è",4
instagram,social,prof-java,"3 –Ω–µ–¥–µ–ª—è",4
telegram,social,promo,"3 –Ω–µ–¥–µ–ª—è",3
facebook,social,hexlet-blog,"3 –Ω–µ–¥–µ–ª—è",3
telegram,cpp,dod-frontend,"3 –Ω–µ–¥–µ–ª—è",3
vk,social,base-frontend,"3 –Ω–µ–¥–µ–ª—è",3
instagram,social,all-courses,"3 –Ω–µ–¥–µ–ª—è",3
telegram,social,hexlet-blog,"3 –Ω–µ–¥–µ–ª—è",3
instagram,social,prof-python,"3 –Ω–µ–¥–µ–ª—è",3
instagram,social,hexlet-blog,"3 –Ω–µ–¥–µ–ª—è",3
dzen,social,dzen-post,"3 –Ω–µ–¥–µ–ª—è",3
vkontakte,social,button-vk,"3 –Ω–µ–¥–µ–ª—è",2
telegram,social,mdtruehaskell--funktsionalnyy-yazyk,"3 –Ω–µ–¥–µ–ª—è",2
telegram,cpp,prof-data-analytics,"3 –Ω–µ–¥–µ–ª—è",2
slack,social,hexlet,"3 –Ω–µ–¥–µ–ª—è",2
twitter,social,promo,"3 –Ω–µ–¥–µ–ª—è",2
instagram,social,prof-php,"3 –Ω–µ–¥–µ–ª—è",2
telegram,cpm,frontend,"3 –Ω–µ–¥–µ–ª—è",2
twitter,social,all-courses,"3 –Ω–µ–¥–µ–ª—è",2
zen,social,hexlet,"3 –Ω–µ–¥–µ–ª—è",2
dzen,social,dzen_post,"3 –Ω–µ–¥–µ–ª—è",2
vk,cpm,base,"3 –Ω–µ–¥–µ–ª—è",2
vk,cpc,frontend,"3 –Ω–µ–¥–µ–ª—è",2
vk,cpc,yaintern,"3 –Ω–µ–¥–µ–ª—è",2
vk,cpc,php,"3 –Ω–µ–¥–µ–ª—è",2
instagram,social,prof-rails,"3 –Ω–µ–¥–µ–ª—è",2
vk,cpc,prof-php,"3 –Ω–µ–¥–µ–ª—è",2
zen,social,hexlet-blog,"3 –Ω–µ–¥–µ–ª—è",2
vk,social,base-php,"3 –Ω–µ–¥–µ–ª—è",1
telegram,social,kak-optimizirovat-tretiy-proekt-v-professii-python,"3 –Ω–µ–¥–µ–ª—è",1
vk-group,cpc,dod-qa,"3 –Ω–µ–¥–µ–ª—è",1
instagram,social,base-pyton,"3 –Ω–µ–¥–µ–ª—è",1
instagram,social,base-python,"3 –Ω–µ–¥–µ–ª—è",1
Yandex,cpc,"06892634","3 –Ω–µ–¥–µ–ª—è",1
instagram,social,base-java,"3 –Ω–µ–¥–µ–ª—è",1
vk,social,reshenie-zadach--horoshiy-sposob-zakrepit,"3 –Ω–µ–¥–µ–ª—è",1
telegram,social,kak-blagodarya-heksletu-ya-ustroilsya-v-epa,"3 –Ω–µ–¥–µ–ª—è",1
vk.com,social,skolko-stoit-obuchenie-na-hekslete-dlya,"3 –Ω–µ–¥–µ–ª—è",1
vk,social,promo,"3 –Ω–µ–¥–µ–ª—è",1
instagram,social,prof-data-analyst,"3 –Ω–µ–¥–µ–ª—è",1
instagram,social,prof-fullstack,"3 –Ω–µ–¥–µ–ª—è",1
facebook,cpc,freemium,"3 –Ω–µ–¥–µ–ª—è",1
yandex-direct,cpc,"97574364","3 –Ω–µ–¥–µ–ª—è",1
vk,social,prof-data-analytics,"3 –Ω–µ–¥–µ–ª—è",1
Yandex,cpc,"08409986","3 –Ω–µ–¥–µ–ª—è",1
facebook,cpc,python,"3 –Ω–µ–¥–µ–ª—è",1
yandex-direct,cpc,"85838400","3 –Ω–µ–¥–µ–ª—è",1
vk,social,prof-data-analyst,"3 –Ω–µ–¥–µ–ª—è",1
vk,cpc,freemium,"3 –Ω–µ–¥–µ–ª—è",1
telegram,social,mdtruereshenie-zadach--horoshiy-sposob-z,"3 –Ω–µ–¥–µ–ª—è",1
zen_from_telegram,social,,"3 –Ω–µ–¥–µ–ª—è",1
twitter.com,social,buffer,"3 –Ω–µ–¥–µ–ª—è",1
yandex-direct,cpc,"71522986","3 –Ω–µ–¥–µ–ª—è",1
telegram –≠—Ç–æ—Ç –∫—É—Ä—Å –ø–æ–±–µ–∂–¥—ë–Ω! üí™üí™üí™ –ë—ã–ª–æ –∫—Ä—É—Ç–æ! üöÄ,social,course_completed,"3 –Ω–µ–¥–µ–ª—è",1
telegram,cpp,prof-qa,"3 –Ω–µ–¥–µ–ª—è",1
yandex-direct,cpc,"70989018","3 –Ω–µ–¥–µ–ª—è",1
telegram,social,prof-qa,"3 –Ω–µ–¥–µ–ª—è",1
Yandex,cpm,"14191988","3 –Ω–µ–¥–µ–ª—è",1
Yandex,cpc,"74431025","3 –Ω–µ–¥–µ–ª—è",1
telegram,social,webinars,"3 –Ω–µ–¥–µ–ª—è",1
twitter,social,devushki_v_it,"3 –Ω–µ–¥–µ–ª—è",1
Yandex,cpc,"81276251","3 –Ω–µ–¥–µ–ª—è",1
Yandex,cpm,"84109871","3 –Ω–µ–¥–µ–ª—è",1
twitter,social,v-kontse-yanvarya-praktika-heksleta-ne-rabo,"3 –Ω–µ–¥–µ–ª—è",1
telegram,social,u-nas-chasto-sprashivayut--kakie-knigi-nuzhn,"3 –Ω–µ–¥–µ–ª—è",1
yandex-direct,cpc,"50088205","3 –Ω–µ–¥–µ–ª—è",1
admitad,cpa,"442763","3 –Ω–µ–¥–µ–ª—è",1
telegram,social,special-newyear23,"3 –Ω–µ–¥–µ–ª—è",1
twitter,social,v-etoy-statie-my-dadim-neskolko-sovetov,"3 –Ω–µ–¥–µ–ª—è",1
yandex-direct,cpc,"26593528","3 –Ω–µ–¥–µ–ª—è",1
vk,cpc,prof-qa,"3 –Ω–µ–¥–µ–ª—è",1
Yandex,cpc,"77386453","3 –Ω–µ–¥–µ–ª—è",1
twitter,social,grokaem_algoritmy,"3 –Ω–µ–¥–µ–ª—è",1
zen,social,zen_post,"3 –Ω–µ–¥–µ–ª—è",1
instagram,social,promo,"3 –Ω–µ–¥–µ–ª—è",1
telegram,cpm,python,"3 –Ω–µ–¥–µ–ª—è",1
telegram,social,base-frontend,"3 –Ω–µ–¥–µ–ª—è",1
Yandex,cpc,"93234055","3 –Ω–µ–¥–µ–ª—è",1
zen,social,prof-data-analyst,"3 –Ω–µ–¥–µ–ª—è",1
vk,cpm,prof-python,"3 –Ω–µ–¥–µ–ª—è",1
telegram,cpm,base_python,"3 –Ω–µ–¥–µ–ª—è",1
vk,social,dod-python-java,"3 –Ω–µ–¥–µ–ª—è",1
twitter,social,course_completed,"3 –Ω–µ–¥–µ–ª—è",1
Yandex,cpc,"39770358","3 –Ω–µ–¥–µ–ª—è",1
telegram,cpm,base_java,"3 –Ω–µ–¥–µ–ª—è",1
twitter,social,my-poprosili-nastavnikov-heksleta-rasska,"3 –Ω–µ–¥–µ–ª—è",1
Yandex,cpc,"52168119","3 –Ω–µ–¥–µ–ª—è",1
vk,cpp,dod-professions,"3 –Ω–µ–¥–µ–ª—è",1
admitad,cpc,"183258","3 –Ω–µ–¥–µ–ª—è",1
vk,social,dod-frontend,"3 –Ω–µ–¥–µ–ª—è",1
partners,cpm,all,"3 –Ω–µ–¥–µ–ª—è",1
search.ukr.net,organic,,"3 –Ω–µ–¥–µ–ª—è",1
vk,social,course_completed,"3 –Ω–µ–¥–µ–ª—è",1
tg,social,hostel,"3 –Ω–µ–¥–µ–ª—è",1
twitter,social,obuchenie-programmirovaniyu-v-30 -let-pod,"3 –Ω–µ–¥–µ–ª—è",1
admitad,cpc,"442763","3 –Ω–µ–¥–µ–ª—è",1
twitter,social,oop-i-arhitektura-koda-kirill-mokevni,"3 –Ω–µ–¥–µ–ª—è",1
twitter,social,podrobno-rasskazyvaem--pochemu-pleysholde,"3 –Ω–µ–¥–µ–ª—è",1
podcast,social,all-courses,"3 –Ω–µ–¥–µ–ª—è",1
google,organic,,"4 –Ω–µ–¥–µ–ª—è",28080
organic,organic,,"4 –Ω–µ–¥–µ–ª—è",8357
yandex,cpc,freemium,"4 –Ω–µ–¥–µ–ª—è",1708
yandex,cpc,prof-python,"4 –Ω–µ–¥–µ–ª—è",1239
yandex,cpc,prof-frontend,"4 –Ω–µ–¥–µ–ª—è",1139
yandex,cpc,prof-java,"4 –Ω–µ–¥–µ–ª—è",902
admitad,cpa,admitad,"4 –Ω–µ–¥–µ–ª—è",427
yandex,cpc,base-java,"4 –Ω–µ–¥–µ–ª—è",418
yandex,cpc,base-python,"4 –Ω–µ–¥–µ–ª—è",407
yandex,cpc,base-frontend,"4 –Ω–µ–¥–µ–ª—è",315
yandex,cpc,prof-professions-brand,"4 –Ω–µ–¥–µ–ª—è",303
bing.com,organic,,"4 –Ω–µ–¥–µ–ª—è",228
yandex,cpc,prof-data-analytics,"4 –Ω–µ–¥–µ–ª—è",225
telegram,social,hexlet-blog,"4 –Ω–µ–¥–µ–ª—è",191
yandex,cpc,prof-professions-retarget,"4 –Ω–µ–¥–µ–ª—è",186
yandex,cpc,dod-frontend,"4 –Ω–µ–¥–µ–ª—è",139
vk,cpc,prof-python,"4 –Ω–µ–¥–µ–ª—è",133
yandex,cpc,dod-professions,"4 –Ω–µ–¥–µ–ª—è",122
telegram,cpp,base-python,"4 –Ω–µ–¥–µ–ª—è",114
vk-senler,cpc,freemium,"4 –Ω–µ–¥–µ–ª—è",91
vk,cpc,prof-java,"4 –Ω–µ–¥–µ–ª—è",88
vk,cpc,freemium-frontend,"4 –Ω–µ–¥–µ–ª—è",71
yandex,cpc,dod-python-java,"4 –Ω–µ–¥–µ–ª—è",63
vk,cpc,prof-data-analytics,"4 –Ω–µ–¥–µ–ª—è",62
telegram,cpp,prof-java,"4 –Ω–µ–¥–µ–ª—è",59
yandex,cpc,dod-java,"4 –Ω–µ–¥–µ–ª—è",52
vk,cpc,prof-frontend,"4 –Ω–µ–¥–µ–ª—è",48
vk,cpc,base-python,"4 –Ω–µ–¥–µ–ª—è",43
yandex,cpc,dod-php,"4 –Ω–µ–¥–µ–ª—è",43
vk,cpc,freemium-python,"4 –Ω–µ–¥–µ–ª—è",42
telegram,cpp,base-java,"4 –Ω–µ–¥–µ–ª—è",40
yandex,cpc,dod-qa,"4 –Ω–µ–¥–µ–ª—è",40
telegram,cpp,prof-python,"4 –Ω–µ–¥–µ–ª—è",39
yandex,cpc,base-professions-retarget,"4 –Ω–µ–¥–µ–ª—è",37
telegram,cpp,base-frontend,"4 –Ω–µ–¥–µ–ª—è",36
vk,cpc,freemium-java,"4 –Ω–µ–¥–µ–ª—è",22
yandex.com,organic,,"4 –Ω–µ–¥–µ–ª—è",15
facebook,social,hexlet-blog,"4 –Ω–µ–¥–µ–ª—è",14
vk,social,prof-python,"4 –Ω–µ–¥–µ–ª—è",14
baidu.com,organic,,"4 –Ω–µ–¥–µ–ª—è",13
vk,cpp,dod-python-java,"4 –Ω–µ–¥–µ–ª—è",12
vk,social,all-courses,"4 –Ω–µ–¥–µ–ª—è",11
vk,social,hexlet-blog,"4 –Ω–µ–¥–µ–ª—è",11
telegram,social,dod-professions,"4 –Ω–µ–¥–µ–ª—è",10
vk,social,base-python,"4 –Ω–µ–¥–µ–ª—è",8
vk,cpp,base-java,"4 –Ω–µ–¥–µ–ª—è",8
timepad,cpp,base-frontend,"4 –Ω–µ–¥–µ–ª—è",7
telegram,cpp,prof-frontend,"4 –Ω–µ–¥–µ–ª—è",6
telegram,social,course_completed,"4 –Ω–µ–¥–µ–ª—è",5
vk,cpp,base-frontend,"4 –Ω–µ–¥–µ–ª—è",4
twitter,social,hexlet-blog,"4 –Ω–µ–¥–µ–ª—è",4
zen,social,hexlet,"4 –Ω–µ–¥–µ–ª—è",4
vk,social,general,"4 –Ω–µ–¥–µ–ª—è",4
dzen,social,dzen-post,"4 –Ω–µ–¥–µ–ª—è",4
admitad,cpc,"183258","4 –Ω–µ–¥–µ–ª—è",3
vk-senler,cpc,dod-frontend,"4 –Ω–µ–¥–µ–ª—è",3
instagram,social,hexlet-blog,"4 –Ω–µ–¥–µ–ª—è",3
zen,social,all-courses,"4 –Ω–µ–¥–µ–ª—è",3
go.mail.ru,organic,,"4 –Ω–µ–¥–µ–ª—è",3
vk,social,promo,"4 –Ω–µ–¥–µ–ª—è",2
instagram,social,all-courses,"4 –Ω–µ–¥–µ–ª—è",2
vk-senler,cpc,base-frontend,"4 –Ω–µ–¥–µ–ª—è",2
search.ukr.net,organic,,"4 –Ω–µ–¥–µ–ª—è",2
vk,social,course_completed,"4 –Ω–µ–¥–µ–ª—è",2
partners,cpm,prof-data-analytics,"4 –Ω–µ–¥–µ–ª—è",2
vk,social,base-java,"4 –Ω–µ–¥–µ–ª—è",2
telegram,social,promo,"4 –Ω–µ–¥–µ–ª—è",2
facebook,cpc,freemium,"4 –Ω–µ–¥–µ–ª—è",2
instagram,social,prof-python,"4 –Ω–µ–¥–µ–ª—è",2
vk,social,dod-python-java,"4 –Ω–µ–¥–µ–ª—è",2
tg,social,hostel,"4 –Ω–µ–¥–µ–ª—è",2
twitter,social,promo,"4 –Ω–µ–¥–µ–ª—è",2
vk,social,"8-statey--kotorye-budut-polezny-novichku","4 –Ω–µ–¥–µ–ª—è",1
twitter,social,"9-marta-v-1930-po-moskovskomu-vremeni-p","4 –Ω–µ–¥–µ–ª—è",1
twitter,social,analitik-dannyh,"4 –Ω–µ–¥–µ–ª—è",1
twitter,social,course_completed,"4 –Ω–µ–¥–µ–ª—è",1
twitter,social,devushki_v_it,"4 –Ω–µ–¥–µ–ª—è",1
twitter,social,grokaem_algoritmy,"4 –Ω–µ–¥–µ–ª—è",1
telegram,social,base,"4 –Ω–µ–¥–µ–ª—è",1
twitter,social,how-to-sleep,"4 –Ω–µ–¥–µ–ª—è",1
telegram,social,all-courses,"4 –Ω–µ–¥–µ–ª—è",1
telegram,social,"20-sovetov-dlya-buduschih-programmistov--ko","4 –Ω–µ–¥–µ–ª—è",1
twitter,social,webinars,"4 –Ω–µ–¥–µ–ª—è",1
telegram,cpp,prof-data-analytics,"4 –Ω–µ–¥–µ–ª—è",1
telegram,cpp,dod-php,"4 –Ω–µ–¥–µ–ª—è",1
Yandex,cpc,"73043444","4 –Ω–µ–¥–µ–ª—è",1
telegram,cpp,dod-frontend,"4 –Ω–µ–¥–µ–ª—è",1
zen,social,blog,"4 –Ω–µ–¥–µ–ª—è",1
vk,cpc,python,"4 –Ω–µ–¥–µ–ª—è",1
vk,cpc,yaintern,"4 –Ω–µ–¥–µ–ª—è",1
telegram,cpm,java,"4 –Ω–µ–¥–µ–ª—è",1
vk,cpm,java,"4 –Ω–µ–¥–µ–ª—è",1
telegram,cpm,frontend,"4 –Ω–µ–¥–µ–ª—è",1
telegram,cpm,base_python,"4 –Ω–µ–¥–µ–ª—è",1
telegram,cpm,base_java,"4 –Ω–µ–¥–µ–ª—è",1
Yandex,cpc,"67469241","4 –Ω–µ–¥–µ–ª—è",1
telegram,cpm,base,"4 –Ω–µ–¥–µ–ª—è",1
podcast,social,interview,"4 –Ω–µ–¥–µ–ª—è",1
vk,social,base-frontend,"4 –Ω–µ–¥–µ–ª—è",1
vk,social,base-html,"4 –Ω–µ–¥–µ–ª—è",1
podcast,social,all-courses,"4 –Ω–µ–¥–µ–ª—è",1
partners,cpm,prof-qa,"4 –Ω–µ–¥–µ–ª—è",1
mytarget,cpc,retarget,"4 –Ω–µ–¥–µ–ª—è",1
mytarget,cpc,freemium,"4 –Ω–µ–¥–µ–ª—è",1
vk,social,dod-professions,"4 –Ω–µ–¥–µ–ª—è",1
instagram,social,promo,"4 –Ω–µ–¥–µ–ª—è",1
instagram,social,prof-qa-auto,"4 –Ω–µ–¥–µ–ª—è",1
vk,social,matematika-ilnar,"4 –Ω–µ–¥–µ–ª—è",1
vk,social,open_lectures23,"4 –Ω–µ–¥–µ–ª—è",1
vk,social,planiruy-uchebu--fokusiruysya-na-protsesse,"4 –Ω–µ–¥–µ–ª—è",1
instagram,social,prof-php,"4 –Ω–µ–¥–µ–ª—è",1
vk,social,prof-data-analyst,"4 –Ω–µ–¥–µ–ª—è",1
instagram,social,prof-java,"4 –Ω–µ–¥–µ–ª—è",1
instagram,social,prof-fullstack,"4 –Ω–µ–¥–µ–ª—è",1
vk,social,prof-qa,"4 –Ω–µ–¥–µ–ª—è",1
instagram,social,prof-frontend,"4 –Ω–µ–¥–µ–ª—è",1
zen_from_telegram,social,,"4 –Ω–µ–¥–µ–ª—è",1
vk,social,reshenie-zadach--horoshiy-sposob-zakrepit,"4 –Ω–µ–¥–µ–ª—è",1
vk-group,cpc,dod-qa,"4 –Ω–µ–¥–µ–ª—è",1
vk-senler,cpc,base-python,"4 –Ω–µ–¥–µ–ª—è",1
instagram,social,base-pyton,"4 –Ω–µ–¥–µ–ª—è",1
vk-senler,cpc,dod-php,"4 –Ω–µ–¥–µ–ª—è",1
vk-senler,cpc,dod-python-java,"4 –Ω–µ–¥–µ–ª—è",1
vkontakte,social,button-vk,"4 –Ω–µ–¥–µ–ª—è",1
facebook,cpm,freemium-en,"4 –Ω–µ–¥–µ–ª—è",1
facebook,cpc,python,"4 –Ω–µ–¥–µ–ª—è",1
dzen,social,dzen_post,"4 –Ω–µ–¥–µ–ª—è",1
admitad,cpa,"442763","4 –Ω–µ–¥–µ–ª—è",1
yandex-direct,cpc,"18177858","4 –Ω–µ–¥–µ–ª—è",1
zen,social,prof-python,"4 –Ω–µ–¥–µ–ª—è",1
yandex-direct,cpc,"26980930","4 –Ω–µ–¥–µ–ª—è",1
telegram,social,studenty-heksleta-inogda-rasstraivayutsya,"4 –Ω–µ–¥–µ–ª—è",1
telegram,social,uyazvimost-v-java-ugrozhaet-sotnyam-tysyach,"4 –Ω–µ–¥–µ–ª—è",1
yandex-direct,cpc,"57063851","4 –Ω–µ–¥–µ–ª—è",1
telegram,social,mdtruevyrazitelnyy-javascript--arh,"4 –Ω–µ–¥–µ–ª—è",1
telegram.me,social,kakoy-yazyk-programmirovaniya-vybrat-dlya,"4 –Ω–µ–¥–µ–ª—è",1
telegram.me,social,neobhodimyy-minimum-linux-dlya-produktivn,"4 –Ω–µ–¥–µ–ª—è",1
google,organic,,"5 –Ω–µ–¥–µ–ª—è (2 –¥–Ω—è)",6611
organic,organic,,"5 –Ω–µ–¥–µ–ª—è (2 –¥–Ω—è)",2101
yandex,cpc,freemium,"5 –Ω–µ–¥–µ–ª—è (2 –¥–Ω—è)",427
yandex,cpc,prof-python,"5 –Ω–µ–¥–µ–ª—è (2 –¥–Ω—è)",373
yandex,cpc,prof-frontend,"5 –Ω–µ–¥–µ–ª—è (2 –¥–Ω—è)",314
yandex,cpc,prof-java,"5 –Ω–µ–¥–µ–ª—è (2 –¥–Ω—è)",247
yandex,cpc,base-python,"5 –Ω–µ–¥–µ–ª—è (2 –¥–Ω—è)",138
admitad,cpa,admitad,"5 –Ω–µ–¥–µ–ª—è (2 –¥–Ω—è)",127
yandex,cpc,base-java,"5 –Ω–µ–¥–µ–ª—è (2 –¥–Ω—è)",113
yandex,cpc,prof-professions-brand,"5 –Ω–µ–¥–µ–ª—è (2 –¥–Ω—è)",80
bing.com,organic,,"5 –Ω–µ–¥–µ–ª—è (2 –¥–Ω—è)",79
yandex,cpc,base-frontend,"5 –Ω–µ–¥–µ–ª—è (2 –¥–Ω—è)",72
yandex,cpc,prof-data-analytics,"5 –Ω–µ–¥–µ–ª—è (2 –¥–Ω—è)",66
vk-senler,cpc,base-python,"5 –Ω–µ–¥–µ–ª—è (2 –¥–Ω—è)",61
telegram,cpp,base-python,"5 –Ω–µ–¥–µ–ª—è (2 –¥–Ω—è)",56
yandex,cpc,prof-professions-retarget,"5 –Ω–µ–¥–µ–ª—è (2 –¥–Ω—è)",44
yandex,cpc,dod-frontend,"5 –Ω–µ–¥–µ–ª—è (2 –¥–Ω—è)",38
telegram,cpp,base-java,"5 –Ω–µ–¥–µ–ª—è (2 –¥–Ω—è)",38
vk-senler,cpc,freemium,"5 –Ω–µ–¥–µ–ª—è (2 –¥–Ω—è)",36
telegram,social,hexlet-blog,"5 –Ω–µ–¥–µ–ª—è (2 –¥–Ω—è)",32
vk,cpc,freemium-frontend,"5 –Ω–µ–¥–µ–ª—è (2 –¥–Ω—è)",28
yandex,cpc,dod-professions,"5 –Ω–µ–¥–µ–ª—è (2 –¥–Ω—è)",26
vk,cpc,prof-java,"5 –Ω–µ–¥–µ–ª—è (2 –¥–Ω—è)",22
telegram,cpp,prof-java,"5 –Ω–µ–¥–µ–ª—è (2 –¥–Ω—è)",21
vk,cpc,prof-python,"5 –Ω–µ–¥–µ–ª—è (2 –¥–Ω—è)",20
yandex,cpc,dod-java,"5 –Ω–µ–¥–µ–ª—è (2 –¥–Ω—è)",19
yandex,cpc,dod-python-java,"5 –Ω–µ–¥–µ–ª—è (2 –¥–Ω—è)",19
telegram,cpp,base-frontend,"5 –Ω–µ–¥–µ–ª—è (2 –¥–Ω—è)",18
vk,cpc,freemium-python,"5 –Ω–µ–¥–µ–ª—è (2 –¥–Ω—è)",18
vk,cpc,prof-frontend,"5 –Ω–µ–¥–µ–ª—è (2 –¥–Ω—è)",17
vk,social,base-frontend,"5 –Ω–µ–¥–µ–ª—è (2 –¥–Ω—è)",12
telegram,cpp,prof-python,"5 –Ω–µ–¥–µ–ª—è (2 –¥–Ω—è)",11
vk,social,base-python,"5 –Ω–µ–¥–µ–ª—è (2 –¥–Ω—è)",10
vk,cpp,base-java,"5 –Ω–µ–¥–µ–ª—è (2 –¥–Ω—è)",10
yandex,cpc,dod-qa,"5 –Ω–µ–¥–µ–ª—è (2 –¥–Ω—è)",10
telegram,cpp,dod-qa,"5 –Ω–µ–¥–µ–ª—è (2 –¥–Ω—è)",9
yandex,cpc,dod-php,"5 –Ω–µ–¥–µ–ª—è (2 –¥–Ω—è)",9
vk,social,base-java,"5 –Ω–µ–¥–µ–ª—è (2 –¥–Ω—è)",8
yandex,cpc,base-professions-retarget,"5 –Ω–µ–¥–µ–ª—è (2 –¥–Ω—è)",7
vk,cpc,freemium-java,"5 –Ω–µ–¥–µ–ª—è (2 –¥–Ω—è)",6
vk,cpc,base-python,"5 –Ω–µ–¥–µ–ª—è (2 –¥–Ω—è)",6
vk,social,general,"5 –Ω–µ–¥–µ–ª—è (2 –¥–Ω—è)",6
yandex.com,organic,,"5 –Ω–µ–¥–µ–ª—è (2 –¥–Ω—è)",4
vk,cpp,intensive-python,"5 –Ω–µ–¥–µ–ª—è (2 –¥–Ω—è)",3
facebook,social,hexlet-blog,"5 –Ω–µ–¥–µ–ª—è (2 –¥–Ω—è)",3
vk,social,all-courses,"5 –Ω–µ–¥–µ–ª—è (2 –¥–Ω—è)",3
telegram,social,promo,"5 –Ω–µ–¥–µ–ª—è (2 –¥–Ω—è)",2
telegram,social,dod-professions,"5 –Ω–µ–¥–µ–ª—è (2 –¥–Ω—è)",2
vc,cpp,dod-qa,"5 –Ω–µ–¥–µ–ª—è (2 –¥–Ω—è)",2
vk,social,hexlet,"5 –Ω–µ–¥–µ–ª—è (2 –¥–Ω—è)",2
vk,social,prof-python,"5 –Ω–µ–¥–µ–ª—è (2 –¥–Ω—è)",2
vk,cpp,base-frontend,"5 –Ω–µ–¥–µ–ª—è (2 –¥–Ω—è)",2
twitter,social,promo,"5 –Ω–µ–¥–µ–ª—è (2 –¥–Ω—è)",2
telegram,cpp,dod-frontend,"5 –Ω–µ–¥–µ–ª—è (2 –¥–Ω—è)",1
instagram,social,prof-python,"5 –Ω–µ–¥–µ–ª—è (2 –¥–Ω—è)",1
telegram,cpp,dod-java,"5 –Ω–µ–¥–µ–ª—è (2 –¥–Ω—è)",1
vk,social,prof-data-analyst,"5 –Ω–µ–¥–µ–ª—è (2 –¥–Ω—è)",1
telegram,social,ni-dlya-kogo-ne-sekret--chto-iz-knig-mozhno,"5 –Ω–µ–¥–µ–ª—è (2 –¥–Ω—è)",1
telegram,social,course_completed,"5 –Ω–µ–¥–µ–ª—è (2 –¥–Ω—è)",1
vk,cpc,freemium,"5 –Ω–µ–¥–µ–ª—è (2 –¥–Ω—è)",1
telegram,cpp,prof-frontend,"5 –Ω–µ–¥–µ–ª—è (2 –¥–Ω—è)",1
timepad,cpp,base-frontend,"5 –Ω–µ–¥–µ–ª—è (2 –¥–Ω—è)",1
telegram.me,social,neobhodimyy-minimum-linux-dlya-produktivn,"5 –Ω–µ–¥–µ–ª—è (2 –¥–Ω—è)",1
vk,social,unpack,"5 –Ω–µ–¥–µ–ª—è (2 –¥–Ω—è)",1
instagram,social,hexlet-blog,"5 –Ω–µ–¥–µ–ª—è (2 –¥–Ω—è)",1
facebook,cpc,freemium,"5 –Ω–µ–¥–µ–ª—è (2 –¥–Ω—è)",1
facebook,cpm,freemium-en,"5 –Ω–µ–¥–µ–ª—è (2 –¥–Ω—è)",1
zen,social,prof-frontend,"5 –Ω–µ–¥–µ–ª—è (2 –¥–Ω—è)",1
vkontakte,social,button-vk,"5 –Ω–µ–¥–µ–ª—è (2 –¥–Ω—è)",1
vk-senler,cpc,dod-frontend,"5 –Ω–µ–¥–µ–ª—è (2 –¥–Ω—è)",1
go.mail.ru,organic,,"5 –Ω–µ–¥–µ–ª—è (2 –¥–Ω—è)",1
telegram,cpm,base,"5 –Ω–µ–¥–µ–ª—è (2 –¥–Ω—è)",1
vk,cpp,dod-qa,"5 –Ω–µ–¥–µ–ª—è (2 –¥–Ω—è)",1
social,youtube,php-open-lesson-260321,"5 –Ω–µ–¥–µ–ª—è (2 –¥–Ω—è)",1
vk,cpc,yaintern,"5 –Ω–µ–¥–µ–ª—è (2 –¥–Ω—è)",1
rutube,social,all-courses,"5 –Ω–µ–¥–µ–ª—è (2 –¥–Ω—è)",1
admitad,cpc,"183258","5 –Ω–µ–¥–µ–ª—è (2 –¥–Ω—è)",1
partners,cpm,prof-data-analytics,"5 –Ω–µ–¥–µ–ª—è (2 –¥–Ω—è)",1
twitter.com,social,chto-napisat-v-soprovoditelnom-pisme-i,"5 –Ω–µ–¥–µ–ª—è (2 –¥–Ω—è)",1
admitad,cpc,"442763","5 –Ω–µ–¥–µ–ª—è (2 –¥–Ω—è)",1
partners,cpm,all,"5 –Ω–µ–¥–µ–ª—è (2 –¥–Ω—è)",1
telegram,social,analitik-dannyh,"5 –Ω–µ–¥–µ–ª—è (2 –¥–Ω—è)",1
baidu.com,organic,,"5 –Ω–µ–¥–µ–ª—è (2 –¥–Ω—è)",1
twitter,social,hexlet-blog,"5 –Ω–µ–¥–µ–ª—è (2 –¥–Ω—è)",1
vk,cpc,prof-data-analytics,"5 –Ω–µ–¥–µ–ª—è (2 –¥–Ω—è)",1
telegram,cpp,dod-data-analytics,"5 –Ω–µ–¥–µ–ª—è (2 –¥–Ω—è)",1
vk,cpc,frontend,"5 –Ω–µ–¥–µ–ª—è (2 –¥–Ω—è)",1
tg,social,internship_summer23,"5 –Ω–µ–¥–µ–ª—è (2 –¥–Ω—è)",1
